trial,original_score,new_score,phys_score,patch_ratio,error_vx,error_vy,error_Bx,error_By,error_Jz,new_loss_kh,phys_kh,patch_kh,new_loss_tearing,phys_tearing,patch_tearing,new_loss_ot,phys_ot,patch_ot,new_loss_rotor,phys_rotor,patch_rotor,param_threshold_amr
42,0.21476958095069115,0.21476958095069115,0.039412501895112466,0.6531622785896378,nan,nan,nan,nan,nan,0.2681672762081279,0.0013860545074709575,0.9351203304597702,0.1817349007851849,0.00442886109925881,0.625,0.24675885113174217,0.05794981613172272,0.7187814386317908,0.16241729567770966,0.09388527584199738,0.3337473452669903,0.14959824837662078
92,0.21525459095291308,0.21525459095291305,0.017110574677178074,0.7106146316422504,nan,nan,nan,nan,nan,0.28661735080737083,0.0012642911303191084,1.0,0.1817349007851849,0.00442886109925881,0.625,0.25393142040356226,0.013762917136415665,0.8543526785714286,0.1387346918155342,0.04898622934271871,0.36310584799757284,0.08696007168389808
117,0.21534907421000118,0.21534907421000118,0.020218358444484077,0.7031758636237938,nan,nan,nan,nan,nan,0.28661735080737083,0.0012642911303191084,1.0,0.1817349007851849,0.00442886109925881,0.625,0.2529550396937572,0.021535194404258,0.8315046529175051,0.14008900555369172,0.05364508714410039,0.3561988015776699,0.09871495466198771
110,0.21558505280284385,0.21558505280284385,0.018708309443286518,0.7077769112017371,nan,nan,nan,nan,nan,0.28661735080737083,0.0012642911303191084,1.0,0.1817349007851849,0.00442886109925881,0.625,0.2521304958509914,0.014703016122977447,0.8456991951710262,0.14185746376782832,0.0544370694205907,0.36040844963592233,0.08995775189578355
111,0.21558505280284385,0.21558505280284385,0.018708309443286518,0.7077769112017371,nan,nan,nan,nan,nan,0.28661735080737083,0.0012642911303191084,1.0,0.1817349007851849,0.00442886109925881,0.625,0.2521304958509914,0.014703016122977447,0.8456991951710262,0.14185746376782832,0.0544370694205907,0.36040844963592233,0.0899298610787847
113,0.2156454119914831,0.2156454119914831,0.019944725302341496,0.7048971287143371,nan,nan,nan,nan,nan,0.28661735080737083,0.0012642911303191084,1.0,0.1817349007851849,0.00442886109925881,0.625,0.2541403908196849,0.020440661835687674,0.838389713279678,0.14008900555369172,0.05364508714410039,0.3561988015776699,0.0953181372502469
1,0.21578636461492967,0.21578636461492967,0.01852092440072977,0.7089499651504293,nan,nan,nan,nan,nan,0.28661735080737083,0.0012642911303191084,1.0,0.1817349007851849,0.00442886109925881,0.625,0.2529357430993346,0.013953475952750465,0.8503914109657947,0.14185746376782832,0.0544370694205907,0.36040844963592233,0.08947368421052632
23,0.21578636461492967,0.21578636461492967,0.01852092440072977,0.7089499651504293,nan,nan,nan,nan,nan,0.28661735080737083,0.0012642911303191084,1.0,0.1817349007851849,0.00442886109925881,0.625,0.2529357430993346,0.013953475952750465,0.8503914109657947,0.14185746376782832,0.0544370694205907,0.36040844963592233,0.08942878564395867
93,0.21578636461492967,0.21578636461492967,0.01852092440072977,0.7089499651504293,nan,nan,nan,nan,nan,0.28661735080737083,0.0012642911303191084,1.0,0.1817349007851849,0.00442886109925881,0.625,0.2529357430993346,0.013953475952750465,0.8503914109657947,0.14185746376782832,0.0544370694205907,0.36040844963592233,0.08945926475730792
115,0.21578636461492967,0.21578636461492967,0.01852092440072977,0.7089499651504293,nan,nan,nan,nan,nan,0.28661735080737083,0.0012642911303191084,1.0,0.1817349007851849,0.00442886109925881,0.625,0.2529357430993346,0.013953475952750465,0.8503914109657947,0.14185746376782832,0.0544370694205907,0.36040844963592233,0.08925044498950827
108,0.21585003553232085,0.21585003553232085,0.01851103199493657,0.7091975443757814,nan,nan,nan,nan,nan,0.28661735080737083,0.0012642911303191084,1.0,0.1817349007851849,0.00442886109925881,0.625,0.2531904267688993,0.013913906329577664,0.8513817278672032,0.14185746376782832,0.0544370694205907,0.36040844963592233,0.08888404612013556
112,0.21585003553232085,0.21585003553232085,0.01851103199493657,0.7091975443757814,nan,nan,nan,nan,nan,0.28661735080737083,0.0012642911303191084,1.0,0.1817349007851849,0.00442886109925881,0.625,0.2531904267688993,0.013913906329577664,0.8513817278672032,0.14185746376782832,0.0544370694205907,0.36040844963592233,0.08902685027920992
118,0.21586840757695322,0.2158684075769532,0.019863150258820544,0.7058815508722847,nan,nan,nan,nan,nan,0.28661735080737083,0.0012642911303191084,1.0,0.1817349007851849,0.00442886109925881,0.625,0.2550323731615653,0.020114361661603873,0.8423274019114688,0.14008900555369172,0.05364508714410039,0.3561988015776699,0.0944134927543478
119,0.21586840757695322,0.2158684075769532,0.019863150258820544,0.7058815508722847,nan,nan,nan,nan,nan,0.28661735080737083,0.0012642911303191084,1.0,0.1817349007851849,0.00442886109925881,0.625,0.2550323731615653,0.020114361661603873,0.8423274019114688,0.14008900555369172,0.05364508714410039,0.3561988015776699,0.0946508101800406
2,0.21618310694306028,0.21618310694306028,0.03145321138930108,0.6780078458274582,nan,nan,nan,nan,nan,0.2820374180338593,0.0012819829485523674,0.9839260057471264,0.1817349007851849,0.00442886109925881,0.625,0.23947577606527343,0.031345689107076934,0.7598009934607646,0.16148433288792352,0.08875631240231621,0.34330438410194175,0.12894736842105264
78,0.21625565184715242,0.21625565184715245,0.031462816257042184,0.6782377408224279,nan,nan,nan,nan,nan,0.2820374180338593,0.0012819829485523674,0.9839260057471264,0.1817349007851849,0.00442886109925881,0.625,0.23976595568164208,0.03138410857804136,0.7607205734406438,0.16148433288792352,0.08875631240231621,0.34330438410194175,0.12883595806942366
75,0.21635833379312927,0.21635833379312924,0.018437133024874163,0.7111613357137668,nan,nan,nan,nan,nan,0.28661735080737083,0.0012642911303191084,1.0,0.1817349007851849,0.00442886109925881,0.625,0.2531904267688993,0.013913906329577664,0.8513817278672032,0.14389065681106195,0.054141473540341066,0.3682636149878641,0.0881345553498843
86,0.21641616717073134,0.21641616717073134,0.018416710165991976,0.7114148096825796,nan,nan,nan,nan,nan,0.28661735080737083,0.0012642911303191084,1.0,0.1817349007851849,0.00442886109925881,0.625,0.25342176027930774,0.013832214894048924,0.8523956237424547,0.14389065681106195,0.054141473540341066,0.3682636149878641,0.08779671414006265
87,0.21641616717073134,0.21641616717073134,0.018416710165991976,0.7114148096825796,nan,nan,nan,nan,nan,0.28661735080737083,0.0012642911303191084,1.0,0.1817349007851849,0.00442886109925881,0.625,0.25342176027930774,0.013832214894048924,0.8523956237424547,0.14389065681106195,0.054141473540341066,0.3682636149878641,0.08787984407616944
89,0.21659634410330603,0.21659634410330603,0.01784833518218335,0.7134663664061127,nan,nan,nan,nan,nan,0.28661735080737083,0.0012642911303191084,1.0,0.1817349007851849,0.00442886109925881,0.625,0.2565112980842053,0.014931964199175108,0.8604596327967807,0.1415218267364631,0.05076822429998039,0.3684058328276699,0.08434886818891739
120,0.21660039193339747,0.21660039193339747,0.019684141620427763,0.7088910177158216,nan,nan,nan,nan,nan,0.28661735080737083,0.0012642911303191084,1.0,0.1817349007851849,0.00442886109925881,0.625,0.2561918523732058,0.018606344831542436,0.8501556212273642,0.14185746376782832,0.0544370694205907,0.36040844963592233,0.09181087965233918
114,0.21666946419287575,0.21666946419287575,0.01968181109355655,0.7091385969411738,nan,nan,nan,nan,nan,0.28661735080737083,0.0012642911303191084,1.0,0.1817349007851849,0.00442886109925881,0.625,0.256468141411119,0.018597022724057572,0.8511459381287726,0.14185746376782832,0.0544370694205907,0.36040844963592233,0.09118527494388265
85,0.21679968529283605,0.21679968529283603,0.011430257442217293,0.7302232549193828,nan,nan,nan,nan,nan,0.28661735080737083,0.0012642911303191084,1.0,0.1817349007851849,0.00442886109925881,0.625,0.26776933884725745,0.013046717243303257,0.9045758928571429,0.13107715073153095,0.026981160295987995,0.39131712682038833,0.06779335348801471
28,0.21710484010573844,0.21710484010573844,0.011367031524345022,0.7314493615592218,nan,nan,nan,nan,nan,0.28661735080737083,0.0012642911303191084,1.0,0.1817349007851849,0.00442886109925881,0.625,0.26898995809886705,0.01279381357181417,0.909480319416499,0.13107715073153095,0.026981160295987995,0.39131712682038833,0.06625556566797063
50,0.2171554857239357,0.2171554857239357,0.033726098130019935,0.6757289547087251,nan,nan,nan,nan,nan,0.2812074841105373,0.0012874605133729137,0.9810075431034483,0.1817349007851849,0.00442886109925881,0.625,0.24462900230943102,0.040396221945477054,0.7552109532193159,0.16105055569058954,0.08879184896197097,0.3416973225121359,0.1312138382294523
45,0.2171882315771107,0.2171882315771107,0.04341023658986903,0.6516332190452148,nan,nan,nan,nan,nan,0.2662773890444822,0.0013982584553785425,0.9284752155172413,0.1817349007851849,0.00442886109925881,0.625,0.2587374367611513,0.07408163178754339,0.720376949195171,0.1620031997176243,0.09373219501729538,0.3326807114684466,0.15276808416040893
80,0.2172639300232692,0.2172639300232692,0.03371721399010624,0.6761307201061765,nan,nan,nan,nan,nan,0.2812074841105373,0.0012874605133729137,0.9810075431034483,0.1817349007851849,0.00442886109925881,0.625,0.24462900230943102,0.040396221945477054,0.7552109532193159,0.16148433288792352,0.08875631240231621,0.34330438410194175,0.13083625052803036
98,0.21750376051912795,0.21750376051912793,0.04382548223990519,0.6516994562171846,nan,nan,nan,nan,nan,0.2662773890444822,0.0013982584553785425,0.9284752155172413,0.1817349007851849,0.00442886109925881,0.625,0.2595854565691349,0.07558953356298603,0.719575264084507,0.16241729567770966,0.09388527584199738,0.3337473452669903,0.15254266448517312
46,0.21755489124069072,0.21755489124069072,0.043825226169633316,0.6518790539183341,nan,nan,nan,nan,nan,0.2664819119307334,0.001397234174291028,0.9291936063218391,0.1817349007851849,0.00442886109925881,0.625,0.2595854565691349,0.07558953356298603,0.719575264084507,0.16241729567770966,0.09388527584199738,0.3337473452669903,0.15208692808077873
79,0.217573485505223,0.217573485505223,0.033707686388355064,0.6772379832973927,nan,nan,nan,nan,nan,0.2816284322302892,0.0012841154672324094,0.982489224137931,0.1817349007851849,0.00442886109925881,0.625,0.24544627611749437,0.040361456584612834,0.7581583249496981,0.16148433288792352,0.08875631240231621,0.34330438410194175,0.12990779790794374
88,0.2183160051595265,0.2183160051595265,0.017893862709897197,0.7193713612835997,nan,nan,nan,nan,nan,0.28661735080737083,0.0012642911303191084,1.0,0.1817349007851849,0.00442886109925881,0.625,0.26081256047822327,0.01355936535361713,0.8789455482897385,0.14409920856732703,0.05232293325639374,0.3735398968446602,0.07895763093650351
90,0.2183160051595265,0.2183160051595265,0.017893862709897197,0.7193713612835997,nan,nan,nan,nan,nan,0.28661735080737083,0.0012642911303191084,1.0,0.1817349007851849,0.00442886109925881,0.625,0.26081256047822327,0.01355936535361713,0.8789455482897385,0.14409920856732703,0.05232293325639374,0.3735398968446602,0.07916162027685071
91,0.21852123793000963,0.21852123793000963,0.017891167210303937,0.7200964147292738,nan,nan,nan,nan,nan,0.28661735080737083,0.0012642911303191084,1.0,0.1817349007851849,0.00442886109925881,0.625,0.2616334915601557,0.013548583355244087,0.8818457620724346,0.14409920856732703,0.05232293325639374,0.3735398968446602,0.07794365792130897
22,0.21876353039534438,0.21876353039534438,0.017853113080283686,0.7210395736829961,nan,nan,nan,nan,nan,0.28661735080737083,0.0012642911303191084,1.0,0.1817349007851849,0.00442886109925881,0.625,0.2626026614214948,0.01339636683516309,0.885618397887324,0.14409920856732703,0.05232293325639374,0.3735398968446602,0.07732006681963961
27,0.21888233735852577,0.21888233735852577,0.016867133035512273,0.7239203481660594,nan,nan,nan,nan,nan,0.28661735080737083,0.0012642911303191084,1.0,0.1817349007851849,0.00442886109925881,0.625,0.2645652472243979,0.013522005067879298,0.8921733526156942,0.14261185061714957,0.04825337484459187,0.3785080400485437,0.07185601055248692
127,0.21895396520065033,0.2189539652006503,0.016873096119114354,0.7241561379044901,nan,nan,nan,nan,nan,0.28661735080737083,0.0012642911303191084,1.0,0.1817349007851849,0.00442886109925881,0.625,0.26485175859289595,0.013545857402287633,0.8931165115694165,0.14261185061714957,0.04825337484459187,0.3785080400485437,0.07145598686396447
52,0.21944922745976164,0.21944922745976164,0.08193767791281306,0.563228101327133,nan,nan,nan,nan,nan,0.20468530969711887,0.001843197943782502,0.7117905890804598,0.1817349007851849,0.00442886109925881,0.625,0.23501179231314032,0.08805511587823547,0.6024034834004024,0.2563649070436025,0.23342353672997546,0.3137183328276699,0.22585649470879854
84,0.22003472153573597,0.22003472153573597,0.01745520521190646,0.7264835123453097,nan,nan,nan,nan,nan,0.28661735080737083,0.0012642911303191084,1.0,0.1817349007851849,0.00442886109925881,0.625,0.2655876247575931,0.013415984519785281,0.8960167253521126,0.1461990097927951,0.050711684098262634,0.3849173240291262,0.07040653754139922
122,0.22036836922235534,0.22036836922235534,0.017344034778146583,0.7279292053328772,nan,nan,nan,nan,nan,0.28661735080737083,0.0012642911303191084,1.0,0.1817349007851849,0.00442886109925881,0.625,0.2664693723836481,0.0131508084598437,0.899765782193159,0.14665185291321756,0.05053217842316472,0.3869510391383495,0.06944982109761468
129,0.22036836922235534,0.22036836922235534,0.017344034778146583,0.7279292053328772,nan,nan,nan,nan,nan,0.28661735080737083,0.0012642911303191084,1.0,0.1817349007851849,0.00442886109925881,0.625,0.2664693723836481,0.0131508084598437,0.899765782193159,0.14665185291321756,0.05053217842316472,0.3869510391383495,0.06948722816485338
24,0.22042360303085895,0.22042360303085892,0.013955329262480748,0.7365942874518043,nan,nan,nan,nan,nan,0.28661735080737083,0.0012642911303191084,1.0,0.1817349007851849,0.00442886109925881,0.625,0.27150634691402303,0.012770480247036625,0.9183460135814889,0.14183581361685696,0.03735768457330845,0.40303113622572817,0.0625368624135664
102,0.220455422719281,0.220455422719281,0.05249420773594999,0.6403584601776084,nan,nan,nan,nan,nan,0.2589395656223567,0.0014342137103798488,0.9027029454022989,0.1817349007851849,0.00442886109925881,0.625,0.2583177520400401,0.07798979752406407,0.7091376383299799,0.1828294724295424,0.12612395861009723,0.32459325697815533,0.16356107763126415
99,0.22046874202541336,0.22046874202541336,0.05251285476453528,0.6403584601776084,nan,nan,nan,nan,nan,0.2589395656223567,0.0014342137103798488,0.9027029454022989,0.1817349007851849,0.00442886109925881,0.625,0.25837102926456945,0.07806438563840523,0.7091376383299799,0.1828294724295424,0.12612395861009723,0.32459325697815533,0.16353937146860587
101,0.22046874202541336,0.22046874202541336,0.05251285476453528,0.6403584601776084,nan,nan,nan,nan,nan,0.2589395656223567,0.0014342137103798488,0.9027029454022989,0.1817349007851849,0.00442886109925881,0.625,0.25837102926456945,0.07806438563840523,0.7091376383299799,0.1828294724295424,0.12612395861009723,0.32459325697815533,0.16349207548175235
134,0.2205853964038347,0.2205853964038347,0.03964870610068099,0.6729271221617189,nan,nan,nan,nan,nan,0.2795585563937412,0.0012957720546859783,0.9752155172413793,0.1817349007851849,0.00442886109925881,0.625,0.2599975727458231,0.0640783422868082,0.7497956488933601,0.16105055569058954,0.08879184896197097,0.3416973225121359,0.1357935751194315
135,0.22070543593651598,0.22070543593651598,0.04228414545130305,0.6667586621495482,nan,nan,nan,nan,nan,0.2768781735764143,0.001314787834566192,0.9657866379310345,0.1817349007851849,0.00442886109925881,0.625,0.2593713463263629,0.06578588083276318,0.7433350100603622,0.16483732305810178,0.09760705203862402,0.33291300060679613,0.13953483979165238
126,0.22076989539245287,0.22076989539245284,0.0173128082564381,0.7294126132324896,nan,nan,nan,nan,nan,0.28661735080737083,0.0012642911303191084,1.0,0.1817349007851849,0.00442886109925881,0.625,0.26776933884725745,0.013046717243303257,0.9045758928571429,0.1469579911299982,0.050511363552871225,0.38807456007281554,0.06851830689956756
136,0.2209548576074124,0.2209548576074124,0.04220670994352183,0.6678252267671387,nan,nan,nan,nan,nan,0.27728634781130695,0.001311519119737785,0.9672234195402298,0.1817349007851849,0.00442886109925881,0.625,0.25996085877505604,0.06547940751646672,0.7461644869215291,0.16483732305810178,0.09760705203862402,0.33291300060679613,0.13910206099861255
49,0.22135567017276042,0.22135567017276042,0.0420002390102976,0.6697442480789175,nan,nan,nan,nan,nan,0.27894478977205117,0.0012985677498371017,0.9730603448275862,0.1817349007851849,0.00442886109925881,0.625,0.25990566707570395,0.06466647515347046,0.7480036468812877,0.16483732305810178,0.09760705203862402,0.33291300060679613,0.13683016510869322
131,0.22135567017276042,0.22135567017276042,0.0420002390102976,0.6697442480789175,nan,nan,nan,nan,nan,0.27894478977205117,0.0012985677498371017,0.9730603448275862,0.1817349007851849,0.00442886109925881,0.625,0.25990566707570395,0.06466647515347046,0.7480036468812877,0.16483732305810178,0.09760705203862402,0.33291300060679613,0.13722175822513752
83,0.2214026062537068,0.2214026062537068,0.03965336630623776,0.6757757061223795,nan,nan,nan,nan,nan,0.28059409966131443,0.0012907912499781208,0.9788523706896551,0.1817349007851849,0.00442886109925881,0.625,0.2622308688777384,0.06410196391374313,0.7575531312877264,0.16105055569058954,0.08879184896197097,0.3416973225121359,0.1325819899215332
68,0.22141562283643657,0.22141562283643657,0.030526106927168006,0.6986394126096078,nan,nan,nan,nan,nan,0.28661735080737083,0.0012642911303191084,1.0,0.1817349007851849,0.00442886109925881,0.625,0.25198302667533645,0.02711602607786536,0.8141505281690141,0.16532721307785408,0.08929524940122875,0.35540712226941745,0.1069989988659925
69,0.2216277785000913,0.2216277785000913,0.03052131399109348,0.6993939397725857,nan,nan,nan,nan,nan,0.28661735080737083,0.0012642911303191084,1.0,0.1817349007851849,0.00442886109925881,0.625,0.2528316493299554,0.027096854333567254,0.8171686368209256,0.16532721307785408,0.08929524940122875,0.35540712226941745,0.10616677107834949
30,0.22167288959420187,0.22167288959420184,0.01328370937183292,0.742645840150124,nan,nan,nan,nan,nan,0.28661735080737083,0.0012642911303191084,1.0,0.1817349007851849,0.00442886109925881,0.625,0.27549686776161714,0.012283265771696526,0.9335308727364185,0.14284243902263452,0.03515841948605723,0.41205248786407767,0.05711477791760013
82,0.22197582308516858,0.22197582308516858,0.040870950150818,0.674738005421045,nan,nan,nan,nan,nan,0.2803768184974167,0.0012919137124752119,0.9780890804597702,0.1817349007851849,0.00442886109925881,0.625,0.2647410173674832,0.06897117682956702,0.7541656187122736,0.16105055569058954,0.08879184896197097,0.3416973225121359,0.13405340623396317
21,0.22200178045426033,0.22200178045426033,0.014051047603512397,0.74187861258113,nan,nan,nan,nan,nan,0.28661735080737083,0.0012642911303191084,1.0,0.1817349007851849,0.00442886109925881,0.625,0.2765098912803401,0.01212642324519234,0.9374685613682092,0.14314497894414543,0.038384614939279325,0.40504588895631066,0.05543971960145405
47,0.22201219634907962,0.22201219634907962,0.04622646918999997,0.6614765142467786,nan,nan,nan,nan,nan,0.2723243247432087,0.001351037399112839,0.9497575431034483,0.1817349007851849,0.00442886109925881,0.625,0.25659157380824676,0.0648840131907004,0.7358604753521126,0.17739798605967802,0.11424196507092785,0.3352880385315534,0.14401237996700086
67,0.22204184857726386,0.22204184857726386,0.030400657437793216,0.7011448264259403,nan,nan,nan,nan,nan,0.28661735080737083,0.0012642911303191084,1.0,0.1817349007851849,0.00442886109925881,0.625,0.25446919464970175,0.026993794038757457,0.8231576961770624,0.16534594806679795,0.08891568348283749,0.35642160952669905,0.10321323335233656
71,0.22204184857726386,0.22204184857726386,0.030400657437793216,0.7011448264259403,nan,nan,nan,nan,nan,0.28661735080737083,0.0012642911303191084,1.0,0.1817349007851849,0.00442886109925881,0.625,0.25446919464970175,0.026993794038757457,0.8231576961770624,0.16534594806679795,0.08891568348283749,0.35642160952669905,0.10359354466069876
130,0.22213637729447674,0.22213637729447674,0.046224735948186726,0.6619154806602017,nan,nan,nan,nan,nan,0.2725295437753425,0.0013509877222610683,0.950475933908046,0.1817349007851849,0.00442886109925881,0.625,0.25688307855770154,0.06487712990029917,0.7368979502012073,0.17739798605967802,0.11424196507092785,0.3352880385315534,0.14364631578711756
72,0.22222509684378003,0.22222509684378003,0.030369541530030533,0.7018639851281536,nan,nan,nan,nan,nan,0.28661735080737083,0.0012642911303191084,1.0,0.1817349007851849,0.00442886109925881,0.625,0.2552021877157664,0.026869330407706726,0.8260343309859155,0.16534594806679795,0.08891568348283749,0.35642160952669905,0.10167506135691504
70,0.22223544853272645,0.22223544853272645,0.030280286409646053,0.7021233538404272,nan,nan,nan,nan,nan,0.28661735080737083,0.0012642911303191084,1.0,0.1817349007851849,0.00442886109925881,0.625,0.2552435944715521,0.02651230992616881,0.82707180583501,0.16534594806679795,0.08891568348283749,0.35642160952669905,0.10140907470138212
25,0.22234334040200118,0.22234334040200118,0.014033374867313163,0.7431182542387211,nan,nan,nan,nan,nan,0.28661735080737083,0.0012642911303191084,1.0,0.1817349007851849,0.00442886109925881,0.625,0.27674505953064477,0.012087826803667134,0.9383881413480886,0.14427605048480432,0.0383525204360076,0.40908487560679613,0.054265709781410626
41,0.2238199154518938,0.2238199154518938,0.0650841232483496,0.6206593959607544,nan,nan,nan,nan,nan,0.2471262347850207,0.0015083378944312404,0.8611709770114943,0.1817349007851849,0.00442886109925881,0.625,0.25106088252382536,0.08152799207259086,0.6748931086519114,0.21535764371354438,0.17287130192711747,0.32157349817961167,0.17596551869254654
105,0.22396962709325174,0.22396962709325174,0.04051510241150101,0.6826059387976285,nan,nan,nan,nan,nan,0.28326625133764477,0.0012782116428176004,0.9882363505747126,0.1817349007851849,0.00442886109925881,0.625,0.24148738998154337,0.031464513982208994,0.7665445799798792,0.18938996626863397,0.12488882292171863,0.35064282463592233,0.12602811942438222
66,0.22419328055343313,0.22419328055343313,0.07382234217810382,0.6001206264917561,nan,nan,nan,nan,nan,0.23090500249691398,0.0016614000474036935,0.8040140086206896,0.1817349007851849,0.00442886109925881,0.625,0.24036881387135756,0.07850577603961881,0.6450264084507042,0.24376440506027602,0.21069333152613398,0.3264420888956311,0.18739976361862154
65,0.2244453481787568,0.2244453481787568,0.07049754484712159,0.6093148565078449,nan,nan,nan,nan,nan,0.23595330872541218,0.0015990000316689283,0.8218390804597702,0.1817349007851849,0.00442886109925881,0.625,0.2514160136938374,0.08680070387962188,0.6629542882293763,0.22867716951059283,0.18916161437793674,0.327466057342233,0.1836644076305344
132,0.22523234719906204,0.22523234719906204,0.051324777979560615,0.6600012702478155,nan,nan,nan,nan,nan,0.2714856712682935,0.0013622673618177267,0.9467941810344828,0.1817349007851849,0.00442886109925881,0.625,0.2562728180020677,0.06527716653086255,0.7337619466800804,0.19143599874070216,0.1342308169263034,0.33444895327669905,0.14517248859014403
107,0.22551162809217337,0.22551162809217334,0.039711111908294405,0.6900129185518706,nan,nan,nan,nan,nan,0.2853385940646087,0.0012700087019464536,0.9955100574712644,0.1817349007851849,0.00442886109925881,0.625,0.24496379292061785,0.02929551230214463,0.7841344944668008,0.19000922459828196,0.12385006552982773,0.35540712226941745,0.12089325239333026
123,0.22551162809217337,0.22551162809217334,0.039711111908294405,0.6900129185518706,nan,nan,nan,nan,nan,0.2853385940646087,0.0012700087019464536,0.9955100574712644,0.1817349007851849,0.00442886109925881,0.625,0.24496379292061785,0.02929551230214463,0.7841344944668008,0.19000922459828196,0.12385006552982773,0.35540712226941745,0.12021627299082019
124,0.22551162809217337,0.22551162809217334,0.039711111908294405,0.6900129185518706,nan,nan,nan,nan,nan,0.2853385940646087,0.0012700087019464536,0.9955100574712644,0.1817349007851849,0.00442886109925881,0.625,0.24496379292061785,0.02929551230214463,0.7841344944668008,0.19000922459828196,0.12385006552982773,0.35540712226941745,0.12042760299932802
48,0.22575766849026468,0.22575766849026468,0.05243296528984615,0.6590694264913111,nan,nan,nan,nan,nan,0.27003216365684657,0.0013747704988955548,0.9416756465517241,0.1817349007851849,0.00442886109925881,0.625,0.25982761077832517,0.06969741263492685,0.7351531061368209,0.19143599874070216,0.1342308169263034,0.33444895327669905,0.14709819287534925
128,0.22635014574074824,0.2263501457407482,0.03941106065158053,0.6936978584636673,nan,nan,nan,nan,nan,0.28599050986778685,0.0012667425505337535,0.9977999281609196,0.1817349007851849,0.00442886109925881,0.625,0.24706874372358698,0.027998228134550922,0.794745032696177,0.19060642858643412,0.12395041082197863,0.35724647299757284,0.11475524693299213
121,0.2263906140726969,0.2263906140726969,0.039656348107053124,0.6932262789868062,nan,nan,nan,nan,nan,0.28599050986778685,0.0012667425505337535,0.9977999281609196,0.1817349007851849,0.00442886109925881,0.625,0.24723061705138163,0.028979377956441295,0.7928587147887324,0.19060642858643412,0.12395041082197863,0.35724647299757284,0.11665504941736726
125,0.22653072344025033,0.22653072344025035,0.039318541915261795,0.6945611772527217,nan,nan,nan,nan,nan,0.28619490547753296,0.0012655400823392757,0.9985183189655172,0.1817349007851849,0.00442886109925881,0.625,0.2476001848263831,0.02798771851548757,0.7966313506036218,0.1905929026719004,0.12359204796396153,0.3580950394417476,0.11391118985714344
3,0.22681655841289028,0.22681655841289028,0.06504469959719338,0.6312462054521324,nan,nan,nan,nan,nan,0.25461682300527655,0.0014527763453181998,0.8875269396551724,0.1817349007851849,0.00442886109925881,0.625,0.2543571098121251,0.07986755937077786,0.690580985915493,0.2165574000489745,0.17442960157341864,0.3218768962378641,0.16842105263157894
74,0.2268757192105464,0.2268757192105464,0.03914492145588171,0.6962027135972079,nan,nan,nan,nan,nan,0.28620772657989185,0.0012655298555266977,0.9985632183908046,0.1817349007851849,0.00442886109925881,0.625,0.24875012879198516,0.027296332220247976,0.802384620221328,0.19081012068512357,0.12358896264849335,0.35886301577669905,0.11230890084256243
29,0.2272053399823175,0.2272053399823175,0.03901995942861648,0.69766879136657,nan,nan,nan,nan,nan,0.2864125213220086,0.001264886172651079,0.9992816091954023,0.1817349007851849,0.00442886109925881,0.625,0.24993972336876036,0.02733953122733085,0.806440203722334,0.1907342144533162,0.12304655921522518,0.3599533525485437,0.11065712081201082
73,0.22726495729169843,0.2272649572916984,0.0390114656637618,0.6978986863615398,nan,nan,nan,nan,nan,0.2864125213220086,0.001264886172651079,0.9992816091954023,0.1817349007851849,0.00442886109925881,0.625,0.25017819260628393,0.02730555616791212,0.8073597837022133,0.1907342144533162,0.12304655921522518,0.3599533525485437,0.1103835910665563
94,0.2278715252488046,0.2278715252488046,0.06469691161470859,0.6358080593340445,nan,nan,nan,nan,nan,0.25730387214400385,0.0014430934153984308,0.8969558189655172,0.1817349007851849,0.00442886109925881,0.625,0.2558899280170551,0.07848609037075845,0.6993995221327968,0.2165574000489745,0.17442960157341864,0.3218768962378641,0.16674792027261298
96,0.22833999700643187,0.22833999700643187,0.06472131631496215,0.637386698735106,nan,nan,nan,nan,nan,0.2585300394604693,0.0014355897274155624,0.9012661637931034,0.1817349007851849,0.00442886109925881,0.625,0.2565376477310988,0.0785912128597556,0.7014037349094567,0.2165574000489745,0.17442960157341864,0.3218768962378641,0.16597120536315207
4,0.22928002556271357,0.22928002556271357,0.09114119561062525,0.5746271004429342,nan,nan,nan,nan,nan,0.21395609125201856,0.001801458787308681,0.7443426724137931,0.1817349007851849,0.00442886109925881,0.625,0.23585278801362505,0.08557934084482954,0.6115364059356136,0.2855763222000257,0.272755121711104,0.3176293234223301,0.20789473684210524
103,0.22958079186408126,0.22958079186408126,0.06295081201381975,0.646155741489735,nan,nan,nan,nan,nan,0.2621337202545801,0.0014160876667569395,0.9139278017241379,0.1817349007851849,0.00442886109925881,0.625,0.25952535939845006,0.07804249510954024,0.7132325201207244,0.21492918701811004,0.16791580417972296,0.33246264411407767,0.15819364817680243
81,0.22958083861363593,0.22958083861363593,0.06175711264483346,0.649140153535642,nan,nan,nan,nan,nan,0.2640132935392085,0.0014074040583401798,0.9205280172413793,0.1817349007851849,0.00442886109925881,0.625,0.25896002163546467,0.07541186228160227,0.7178304200201208,0.21361513849468558,0.16578032314013258,0.33320217688106796,0.1549556598740291
61,0.22971724718917724,0.2297172471891773,0.08383320686557974,0.594427347998171,nan,nan,nan,nan,nan,0.22569370368610125,0.0017111276892773446,0.7856501436781609,0.1817349007851849,0.00442886109925881,0.625,0.24170365671032076,0.0818993296560184,0.6412144743460765,0.2697367275751022,0.24729350901776442,0.3258447739684466,0.19248849129083373
62,0.23053363188371462,0.23053363188371462,0.08401504478227398,0.5968300996373163,nan,nan,nan,nan,nan,0.22813540490992984,0.0016812335405683512,0.7942708333333334,0.1817349007851849,0.00442886109925881,0.625,0.24252749426464162,0.0826565754715043,0.6422047912474849,0.2697367275751022,0.24729350901776442,0.3258447739684466,0.19017800210095592
63,0.23065626851952842,0.23065626851952842,0.08336979238442328,0.5988724588572912,nan,nan,nan,nan,nan,0.2293619791825841,0.0016742995912498962,0.7985811781609196,0.1817349007851849,0.00442886109925881,0.625,0.24179146653524253,0.08008249982942002,0.6460638832997988,0.2697367275751022,0.24729350901776442,0.3258447739684466,0.188809172252839
95,0.23149017944143585,0.23149017944143585,0.0965889773027858,0.568743184788061,nan,nan,nan,nan,nan,0.20971993239957104,0.001815520301928227,0.7294809626436781,0.1817349007851849,0.00442886109925881,0.625,0.2371531988855066,0.08942456395278767,0.6064747862173038,0.29735268569548096,0.2906869638571685,0.3140169902912621,0.2154791864828391
64,0.2341415271370349,0.2341415271370349,0.09240505620846001,0.588482704458472,nan,nan,nan,nan,nan,0.22213797357379142,0.0017438813941126022,0.7731232040229885,0.1817349007851849,0.00442886109925881,0.625,0.23963265824713037,0.08159676279346739,0.6347223968812877,0.2930605759420328,0.28185071954700125,0.32108521692961167,0.19643341999671915
53,0.2378365681845635,0.23783656818456347,0.10928617445028888,0.55921255252025,nan,nan,nan,nan,nan,0.20344473652399697,0.0018484932025612786,0.7074353448275862,0.1817349007851849,0.00442886109925881,0.625,0.23298595962762433,0.08900101752293964,0.592948314889336,0.3331806758014477,0.34186632597639577,0.31146655036407767,0.23150386322893057
104,0.24345877687689124,0.24345877687689127,0.014434854341048145,0.816018583216499,nan,nan,nan,nan,nan,0.28661735080737083,0.0012642911303191084,1.0,0.26489521394288257,0.005907647346122548,0.9123641304347826,0.27756505751720273,0.012085170061307157,0.9412647761569416,0.14475748524010892,0.03848230882644377,0.41044542627427183,0.05338036738049842
106,0.2455459066905944,0.2455459066905944,0.014094523725335945,0.8241743641037405,nan,nan,nan,nan,nan,0.28661735080737083,0.0012642911303191084,1.0,0.27339319147536734,0.005168946326383829,0.943953804347826,0.27756505751720273,0.012085170061307157,0.9412647761569416,0.1446080269624367,0.03785968738333369,0.41147887591019416,0.05270631172647905
109,0.2455459066905944,0.2455459066905944,0.014094523725335945,0.8241743641037405,nan,nan,nan,nan,nan,0.28661735080737083,0.0012642911303191084,1.0,0.27339319147536734,0.005168946326383829,0.943953804347826,0.27756505751720273,0.012085170061307157,0.9412647761569416,0.1446080269624367,0.03785968738333369,0.41147887591019416,0.05270334607199535
0,0.24593799353849521,0.24593799353849521,0.012571654199730664,0.8293538418854064,nan,nan,nan,nan,nan,0.28661735080737083,0.0012642911303191084,1.0,0.2770479573349131,0.003967683747139192,0.9597486413043478,0.27879942719475526,0.011106421412697496,0.9480319416498993,0.14128723881694166,0.033948220508766856,0.4096347845873786,0.05
26,0.24599348916000813,0.24599348916000813,0.01268225611595145,0.8292715717701498,nan,nan,nan,nan,nan,0.28661735080737083,0.0012642911303191084,1.0,0.277834335098053,0.004049590876404554,0.962296195652174,0.278235031917667,0.011466921948315275,0.9451553068410463,0.14128723881694166,0.033948220508766856,0.4096347845873786,0.05187551877311113
5,0.24821400497549,0.24821400497549,0.12857988433577783,0.5472993065747704,nan,nan,nan,nan,nan,0.1984600508651432,0.0018742436249935413,0.6899245689655172,0.1817349007851849,0.00442886109925881,0.625,0.2706075368944802,0.15273448022370079,0.5652901785714286,0.34205353135715183,0.35528195239515814,0.3089824787621359,0.24736842105263157
51,0.25278636750459643,0.25278636750459643,0.13184974276449046,0.5551279293548613,nan,nan,nan,nan,nan,0.1992918839343266,0.0018714248643790711,0.6928430316091954,0.1817349007851849,0.00442886109925881,0.625,0.264270113316577,0.1361596224259039,0.5845463405432596,0.3658485719822973,0.3849390626684201,0.3181223452669903,0.2409905379962855
54,0.25523847621096224,0.25523847621096224,0.13627772764957966,0.5526403476144186,nan,nan,nan,nan,nan,0.1992918839343266,0.0018714248643790711,0.6928430316091954,0.1817349007851849,0.00442886109925881,0.625,0.2740785481420402,0.15387156196626067,0.5745960135814889,0.3658485719822973,0.3849390626684201,0.3181223452669903,0.24113122138584914
55,0.25716892168019034,0.25716892168019034,0.14480271298360603,0.538084443421651,nan,nan,nan,nan,nan,0.19405420944849774,0.0019021863313450917,0.6744342672413793,0.1817349007851849,0.00442886109925881,0.625,0.2911095637232655,0.18671586406166624,0.5520938128772636,0.36177701276381313,0.38616394044215396,0.30080969356796117,0.26361280126783504
8,0.27139477057872907,0.271394770578729,0.1869380850482561,0.48253648440491126,nan,nan,nan,nan,nan,0.1800140864155138,0.0020197209817193044,0.625,0.1817349007851849,0.00442886109925881,0.625,0.35291343111268725,0.3159412281050458,0.4453439386317907,0.37091666400153017,0.42536253000700047,0.23480199898785425,0.3657894736842105
77,0.2903102068772129,0.2903102068772129,0.2140933787783843,0.4808522771242842,nan,nan,nan,nan,nan,0.1800140864155138,0.0020197209817193044,0.625,0.1817349007851849,0.00442886109925881,0.625,0.3720126983573903,0.34490605737841484,0.43977930080482897,0.4274791419507624,0.5050188756541443,0.2336298076923077,0.36066238393951333
10,0.29985203518170533,0.29985203518170533,0.2350014572823889,0.4619784799299965,nan,nan,nan,nan,nan,0.1800140864155138,0.0020197209817193044,0.625,0.1817349007851849,0.00442886109925881,0.625,0.3057624060189523,0.2901107937512085,0.3448914366883117,0.5318967475071704,0.6434464532973689,0.2530224830316742,0.44473684210526315
57,0.3077773772733121,0.3077773772733121,0.22644549056273874,0.5111070940497453,nan,nan,nan,nan,nan,0.1846340405963162,0.0019682602831184704,0.6412984913793104,0.1817349007851849,0.00442886109925881,0.625,0.2982790058341239,0.21366392305710943,0.50981671277666,0.5664615618776233,0.6857209178114683,0.26831317204301075,0.29690588959239134
60,0.3077773772733121,0.3077773772733121,0.22644549056273874,0.5111070940497453,nan,nan,nan,nan,nan,0.1846340405963162,0.0019682602831184704,0.6412984913793104,0.1817349007851849,0.00442886109925881,0.625,0.2982790058341239,0.21366392305710943,0.50981671277666,0.5664615618776233,0.6857209178114683,0.26831317204301075,0.2976098271109102
56,0.30901062235457055,0.30901062235457055,0.22640160507038118,0.5155331655650439,nan,nan,nan,nan,nan,0.18590081051775015,0.0019637209317466967,0.6457435344827587,0.1817349007851849,0.00442886109925881,0.625,0.30194521623772397,0.2134929204390509,0.5230759557344065,0.5664615618776233,0.6857209178114683,0.26831317204301075,0.29109319291429053
59,0.30930263266090174,0.30930263266090174,0.22609383609541067,0.5173246240746294,nan,nan,nan,nan,nan,0.18923521247284716,0.0019264238987676326,0.657507183908046,0.1817349007851849,0.00442886109925881,0.625,0.29828565776569016,0.21230879914158388,0.5132278043259557,0.5679547596198848,0.6857112602420323,0.2735635080645161,0.2827707612607042
58,0.3102266913387718,0.3102266913387718,0.22738154612836178,0.5173395543647965,nan,nan,nan,nan,nan,0.1867252875060791,0.001950603657936012,0.6486619971264368,0.1817349007851849,0.00442886109925881,0.625,0.30598501518619964,0.21742580194478406,0.5273830482897385,0.5664615618776233,0.6857209178114683,0.26831317204301075,0.2879760450312105
6,0.3102821984534343,0.3102821984534343,0.22700927712024999,0.5184645017863951,nan,nan,nan,nan,nan,0.1871440282169949,0.0019441682394249961,0.6501436781609196,0.1817349007851849,0.00442886109925881,0.625,0.30578830293393416,0.21594316133084784,0.5304011569416499,0.5664615618776233,0.6857209178114683,0.26831317204301075,0.2868421052631579
7,0.31054104447389563,0.31054104447389563,0.23307776982743678,0.5041992310900426,nan,nan,nan,nan,nan,0.1800140864155138,0.0020197209817193044,0.625,0.1817349007851849,0.00442886109925881,0.625,0.3284626929464048,0.2586468143905602,0.503002389336016,0.5519524977484791,0.6672156828382088,0.26379453502415456,0.32631578947368417
9,0.3635316880705102,0.3635316880705102,0.3165714071273425,0.48093239042842917,nan,nan,nan,nan,nan,0.1800140864155138,0.0020197209817193044,0.625,0.1817349007851849,0.00442886109925881,0.625,0.4554922383111412,0.48066574329354533,0.39255847585513076,0.6368855267702006,0.7791713031348465,0.28117108585858586,0.4052631578947368
76,0.3635316880705102,0.3635316880705102,0.3165714071273425,0.48093239042842917,nan,nan,nan,nan,nan,0.1800140864155138,0.0020197209817193044,0.625,0.1817349007851849,0.00442886109925881,0.625,0.4554922383111412,0.48066574329354533,0.39255847585513076,0.6368855267702006,0.7791713031348465,0.28117108585858586,0.40745445346974923
11,0.3787360678716189,0.3787360678716189,0.35308701347125016,0.44285870387254084,nan,nan,nan,nan,nan,0.1800140864155138,0.0020197209817193044,0.625,0.1817349007851849,0.00442886109925881,0.625,0.4642953868396567,0.5351462126016763,0.28716832243460766,0.6888998974461202,0.8707532592023461,0.23426649305555555,0.4842105263157894
100,0.38036119233418225,0.38036119233418225,0.3531448399400363,0.4484020733195469,nan,nan,nan,nan,nan,0.1800140864155138,0.0020197209817193044,0.625,0.1817349007851849,0.00442886109925881,0.625,0.46138163636084983,0.5298219921124332,0.2902807469818913,0.6983141457751805,0.876308785566734,0.2533275462962963,0.48086914560494565
97,0.38108962995388396,0.38108962995388396,0.3544758950623471,0.447623967182726,nan,nan,nan,nan,nan,0.1800140864155138,0.0020197209817193044,0.625,0.1817349007851849,0.00442886109925881,0.625,0.4642953868396567,0.5351462126016763,0.28716832243460766,0.6983141457751805,0.876308785566734,0.2533275462962963,0.4810820673570442
14,0.3816230573840895,0.3816230573840895,0.36251446783772534,0.42939453125,nan,nan,nan,nan,nan,0.1800140864155138,0.0020197209817193044,0.625,0.1817349007851849,0.00442886109925881,0.625,0.33960987322116015,0.41967257250962414,0.139453125,0.8251333691144994,1.023936716760299,0.328125,0.6026315789473684
12,0.38944856922676574,0.38944856922676574,0.36439562809031145,0.45208092206790124,nan,nan,nan,nan,nan,0.1800140864155138,0.0020197209817193044,0.625,0.1817349007851849,0.00442886109925881,0.625,0.5420835554465203,0.6559000023164865,0.25754243827160495,0.6539617342598438,0.7952339279637812,0.30078125,0.5236842105263158
13,0.4231816928790183,0.4231816928790183,0.41602114161335946,0.44108307104316546,nan,nan,nan,nan,nan,0.1800140864155138,0.0020197209817193044,0.625,0.1817349007851849,0.00442886109925881,0.625,0.40623270072085155,0.48799286734012737,0.20183228417266186,0.9247450835945231,1.1696431170323323,0.3125,0.5631578947368421
133,0.4231816928790183,0.4231816928790183,0.41602114161335946,0.44108307104316546,nan,nan,nan,nan,nan,0.1800140864155138,0.0020197209817193044,0.625,0.1817349007851849,0.00442886109925881,0.625,0.40623270072085155,0.48799286734012737,0.20183228417266186,0.9247450835945231,1.1696431170323323,0.3125,0.5611470270858293
18,0.9962561794169271,0.9962561794169269,1.3507208639283035,0.11009446813848603,nan,nan,nan,nan,nan,0.10545491898829851,0.0829757275797865,0.16165289750957854,2.967791044731633,4.125831375667764,0.07269021739130435,0.31897833575052087,0.42509326698950467,0.05369100765306122,0.5928004181972557,0.7689830854761579,0.15234375,0.7605263157894737
20,0.9963463913053222,0.9963463913053221,1.3462060566448535,0.1216972279564937,nan,nan,nan,nan,nan,0.0921568466477549,0.07704401059421319,0.1299389367816092,2.967791044731633,4.125831375667764,0.07269021739130435,0.31897833575052087,0.42509326698950467,0.05369100765306122,0.6064593380913798,0.7568555733279316,0.23046875,0.7398138414563649
17,1.0144169463436365,1.0144169463436365,1.3682514814857434,0.12983060848836947,nan,nan,nan,nan,nan,0.1041351556526345,0.07727269492518254,0.17129130747126436,2.967791044731633,4.125831375667764,0.07269021739130435,0.37928224689889906,0.513046282022095,0.04487215909090909,0.6064593380913798,0.7568555733279316,0.23046875,0.7210526315789474
19,1.0204534305776325,1.0204534305776325,1.393890326088712,0.08686119179993337,nan,nan,nan,nan,nan,0.09578030772925128,0.09137811089758015,0.10678579980842912,2.967791044731633,4.125831375667764,0.07269021739130435,0.42544195165238996,0.589368732313346,0.015625,0.5928004181972557,0.7689830854761579,0.15234375,0.8
16,1.2780934443954248,1.2780934443954248,1.6694427193300065,0.29972025705897054,nan,nan,nan,nan,nan,0.21683642529494515,0.0687649609301646,0.5870150862068966,3.7136096392333204,5.1036390927527355,0.23853600543478262,0.5337115687290941,0.7228642215830505,0.060829936594202896,0.64821614432434,0.782502602054076,0.3125,0.6815789473684211
116,1.5391930603153932,1.5391930603153932,2.022689990607743,0.33045073458451846,nan,nan,nan,nan,nan,0.1800140864155138,0.0020197209817193044,0.625,4.812550822776146,6.6320684344953,0.26375679347826086,0.3390739629554139,0.43273509019365425,0.10492114485981309,0.8251333691144994,1.023936716760299,0.328125,0.6320141678088258
15,1.7199766866380615,1.7199766866380615,2.274912990041412,0.3326359281296852,nan,nan,nan,nan,nan,0.1800140864155138,0.0020197209817193044,0.625,5.357447807764453,7.380386170000669,0.300101902173913,0.5173114832577796,0.6933093524229603,0.07731681034482758,0.8251333691144994,1.023936716760299,0.328125,0.6421052631578947
