trial,original_score,new_score,phys_score,patch_ratio,error_vx,error_vy,error_Bx,error_By,error_Jz,new_loss_kh,phys_kh,patch_kh,new_loss_tearing,phys_tearing,patch_tearing,new_loss_ot,phys_ot,patch_ot,new_loss_rotor,phys_rotor,patch_rotor,param_beta,param_w_z_frac,param_sigma,param_beta_curl,param_beta_xpoint
4,0.2134283135270856,0.2134283135270856,0.03483383639209091,0.6599145063645724,nan,nan,nan,nan,nan,0.23896632588755748,0.003991314096986622,0.8264038553639846,0.1904271151331582,0.006764401403812749,0.6495838994565217,0.2675446477766102,0.06371932278262647,0.7771079602615694,0.15677516531101662,0.06486030728493779,0.3865623103762136,9.935639342817401,10.395947170474118,0.02298137250311738,4.268566851401075,2.3947566296568494
86,0.2202772651677288,0.2202772651677288,0.05282390705078739,0.6389106604600823,nan,nan,nan,nan,nan,0.23929474487072577,0.005055746267291908,0.8248922413793104,0.1817349007851849,0.00442886109925881,0.625,0.3047660113310923,0.13186922169853926,0.7370079854124748,0.1553134036839122,0.06994179913805958,0.3687424150485437,6.004985863772391,52.99289920180154,0.1938329946870386,2.2856679454331674,2.3094136405089722
30,0.22085346558652166,0.22085346558652166,0.04118565570229096,0.6700229902970983,nan,nan,nan,nan,nan,0.2532888732472577,0.003604662009762242,0.8774994013409961,0.20656397267696464,0.006020404139054777,0.7079228940217391,0.27954277315686515,0.09929184922041602,0.7301700829979879,0.14401824326499915,0.0558257074399308,0.3644995828276699,8.274247409100546,42.843970257128056,0.1838262290886851,4.824918659987318,0.841655831899581
185,0.22097459002689393,0.22097459002689396,0.048476417101420935,0.6522200223405764,nan,nan,nan,nan,nan,0.24141269021602646,0.0047342318196783445,0.8331088362068966,0.2221126427833288,0.014745064027095047,0.7405315896739131,0.283712852244201,0.11339832010365206,0.7094991825955734,0.13666017486401946,0.06102805245525829,0.32574048088592233,8.04207287333089,6.93514403804838,0.19919448989740984,4.253742161083631,1.7669244553749945
73,0.22142712684717306,0.22142712684717306,0.04413372982323602,0.6646606194070156,nan,nan,nan,nan,nan,0.2606790189052273,0.0024206935171266716,0.9063248323754789,0.1817349007851849,0.00442886109925881,0.625,0.26083663965280146,0.07306553595657797,0.7302643988933601,0.18245794804547855,0.09661982871998062,0.3970532463592233,7.947903380689302,26.85233560828491,0.17033955230992204,3.7435833393349527,1.7716184060785023
37,0.2225796317301963,0.2225796317301963,0.055718371893064764,0.6397327813230249,nan,nan,nan,nan,nan,0.2347815384999115,0.002652487233209413,0.8151041666666666,0.18275094220191837,0.004832297343555305,0.627547554347826,0.27569980860220167,0.08625953586601998,0.7493004904426559,0.19708623761675356,0.12912916712947436,0.36697891383495146,8.641982140276275,58.80980273779185,0.1996377418519603,3.990784176927437,0.8847209762802705
32,0.22595538212168115,0.22595538212168118,0.055142502828782164,0.6529875803539285,nan,nan,nan,nan,nan,0.2318006157302077,0.003358266236850084,0.8029064894636015,0.2206189151841729,0.016322323649146382,0.7313603940217391,0.29611416818670716,0.12316144511933765,0.7284959758551308,0.1552878293856369,0.07772797630979456,0.3491874620752427,8.579036957290063,59.02762367333138,0.18980948504365608,4.915520295031531,0.9148391472637935
15,0.22664675275625587,0.22664675275625587,0.04692933733172906,0.6759402913175728,nan,nan,nan,nan,nan,0.24298658155712421,0.013983896172310994,0.8154932950191571,0.21599254825538824,0.0080111708184131,0.735945991847826,0.2907983914234704,0.09511762223833138,0.7800003143863179,0.15680948978904063,0.07060466009786076,0.3723215640169903,9.782904327056352,119.09382914648171,0.12190154689048903,4.733812540610672,1.3894300951092209
146,0.2269940499453223,0.2269940499453223,0.05631543907729936,0.6536905771153796,nan,nan,nan,nan,nan,0.24581906685125848,0.0043957357373556865,0.8493773946360154,0.19249343027626103,0.0037978676041567267,0.6642323369565217,0.3174575967755438,0.14583336687409126,0.7465181715291751,0.1522061058782258,0.07123478609359377,0.35463440533980584,9.803433902975678,74.86563822200341,0.20437528781104125,2.482034733242101,0.9795027446052235
51,0.22789366029840694,0.22789366029840694,0.04633517635130982,0.6817898701661496,nan,nan,nan,nan,nan,0.2554211759949269,0.003949799649602595,0.8840996168582376,0.19902587773727293,0.008510549484355976,0.6753141983695652,0.2851659907835804,0.09019692432035252,0.7725886569416499,0.17196159667784747,0.08268343195092817,0.3951570084951456,9.926596475037277,92.5559807992858,0.15286970283808654,4.53098488418538,2.2047235892536374
92,0.22802083163208411,0.2280208316320841,0.05603822603712647,0.6579773456194782,nan,nan,nan,nan,nan,0.24743672197039285,0.0016676368121898385,0.8618594348659003,0.21415896651851793,0.01354537921288163,0.7156929347826086,0.26966784181554654,0.09182069282747937,0.7142857142857143,0.18081979622387914,0.11711919529595505,0.34007129854368934,7.3417892115171135,8.87671278045828,0.19501388536680472,2.747826632366978,2.3501617281246907
47,0.22939946637401018,0.22939946637401018,0.05999459605814189,0.6529116421636809,nan,nan,nan,nan,nan,0.25037338660363523,0.003288545842790494,0.8680854885057471,0.1817349007851849,0.00442886109925881,0.625,0.273681828563188,0.07465041008906681,0.771260374748491,0.21180774954403261,0.15761056720145145,0.3473007054004854,7.72133996733222,10.391397461918341,0.20813523276959706,3.9451508350492097,2.321975051226329
12,0.2301044248971089,0.2301044248971089,0.05658582270987415,0.6639009303651956,nan,nan,nan,nan,nan,0.24646814160658637,0.0028678982492208235,0.85546875,0.21988087901565936,0.01427005127409696,0.7339079483695652,0.31070596533509354,0.14383203859186733,0.727890782193159,0.1433627136310963,0.06537330272431148,0.33833624089805825,4.716827334258435,167.58015267282303,0.2555560240660316,2.9338612967721565,3.9422907312293063
114,0.23029385032885832,0.23029385032885832,0.04904190265516054,0.6834237195131027,nan,nan,nan,nan,nan,0.24314086218027245,0.003657503987247271,0.8418492576628352,0.2449325868737114,0.021472197710152484,0.8035835597826086,0.2833490047435174,0.10703191650007926,0.7241417253521126,0.14975294751793208,0.06400599242316315,0.3641203352548544,9.016044379663862,56.32386807166373,0.174968647355322,3.0512386331685226,2.1681833543987703
122,0.2305016876075236,0.2305016876075236,0.06315459793475295,0.6488694117894502,nan,nan,nan,nan,nan,0.22793599316768298,0.0044612046110013735,0.786622964559387,0.18345183543252594,0.00479452612727539,0.6300951086956522,0.296753056334069,0.09066806156387361,0.8119655432595574,0.21386586549581643,0.15269459943686145,0.36679403064320387,9.726146370520246,56.253856266122995,0.02625328211350436,3.6001477872016934,0.9183861601011821
158,0.2316232084635578,0.2316232084635578,0.0553953046026953,0.6721929681157139,nan,nan,nan,nan,nan,0.23518509773195065,0.0062107651772212846,0.8076209291187739,0.20860737811210928,0.009594486965648644,0.7061396059782609,0.306876090597933,0.13044078740048656,0.7479643485915493,0.1758242674122382,0.07533517886742472,0.42704698877427183,4.3621188307357315,105.49798473254053,0.031241905674857975,1.947129389759212,0.7964867401198298
134,0.23186239078282472,0.23186239078282472,0.0680488332526423,0.6413962846082806,nan,nan,nan,nan,nan,0.23057551483909677,0.006683833801555352,0.7903047174329502,0.20936462319780233,0.010501776824749277,0.7065217391304348,0.28810378945444504,0.11148162314366775,0.7296592052313883,0.1994056356399547,0.14352809924059678,0.3390994766383495,7.638876561047225,11.364319046066282,0.18808629555074516,4.108201802428895,2.1958465262598748
117,0.23212618148439068,0.23212618148439068,0.06312280434317549,0.6546346243374286,nan,nan,nan,nan,nan,0.25817105312063615,0.0056504418018407734,0.8894725814176245,0.20882855000110806,0.011585513479812177,0.7019361413043478,0.3072099637209852,0.16790519166410758,0.6554718938631791,0.15429515909483335,0.06735007042694144,0.37165788076456313,9.004859798086391,58.14803687488494,0.20195982830136444,3.9705207559359934,1.2603537299231393
174,0.23239679942824865,0.23239679942824865,0.06144508854594717,0.6597760766340021,nan,nan,nan,nan,nan,0.23903850869540838,0.005068184204223044,0.8239643199233716,0.20634078094346547,0.01192396832085164,0.6923828125,0.3051231559256176,0.12124309234013024,0.764823314889336,0.179084752148503,0.10754510931858378,0.35793385922330095,5.138788043581572,14.050291292094432,0.18185373257159404,4.020906840300311,2.455202460729473
3,0.23241505254473716,0.23241505254473716,0.054931997357968686,0.6761226905116583,nan,nan,nan,nan,nan,0.2617312914317826,0.0019422467018135668,0.911203903256705,0.1976386059389395,0.00962543418408049,0.6676715353260869,0.29687751722970185,0.10882520420206547,0.7670082997987927,0.17341279557852474,0.09933510434391521,0.35860702366504854,1.0209625977011423,21.80252651072887,0.0510320637485219,3.8569176058708043,2.4809649800634954
97,0.23293579916266915,0.23293579916266915,0.07144177954703715,0.6366708482017491,nan,nan,nan,nan,nan,0.23073476107650265,0.0036979662733872,0.7983267480842912,0.2156183035427212,0.01319374995980967,0.7216796875,0.27059853195798916,0.10684662180355904,0.6799783073440644,0.2147916000734636,0.1620287801513927,0.3466986498786408,7.30975788615575,8.480627746342483,0.21285586971578777,4.144137592389942,1.6813863865525376
102,0.23350504258948476,0.23350504258948476,0.053223152291332045,0.6842097683348665,nan,nan,nan,nan,nan,0.23525750534143314,0.006569559202144308,0.8069773706896551,0.2179216553458664,0.00872482835377817,0.7409137228260869,0.29616257841975163,0.09615741361058987,0.7961754904426559,0.1846784312508879,0.10144080799881583,0.39277248938106796,7.076941841829604,15.39798005970406,0.038296344576759324,2.8293359219003307,2.859361487331001
6,0.23467574997503432,0.23467574997503432,0.055582277029291444,0.6824094323393914,nan,nan,nan,nan,nan,0.24793799658146926,0.0016390572830224284,0.8636853448275862,0.22076265640050027,0.007352365699830726,0.754288383152174,0.2883146741831033,0.11560608711590199,0.7200861418511066,0.18168767273506448,0.09773159801841061,0.39157785952669905,7.269838802873639,158.95955853567375,0.11209738225042917,2.890639084363544,2.215354629876826
36,0.2354213164171334,0.2354213164171334,0.0749222422706192,0.6366690017834188,nan,nan,nan,nan,nan,0.2423184269423965,0.003571707681040901,0.8391852250957854,0.1902785427406601,0.0038050413586632496,0.6564622961956522,0.287560960479577,0.13100586781024082,0.6789486921529175,0.2215273355059,0.1613063522325318,0.37207979368932037,8.442082747325113,63.8465408738864,0.19369029752309913,4.665083775100222,0.8306332812638275
98,0.23550888881078608,0.23550888881078608,0.06276591175376747,0.6673663314533326,nan,nan,nan,nan,nan,0.24216982295826975,0.005794217658818908,0.8331088362068966,0.216883325096741,0.011296301874567745,0.730850883152174,0.2771601902463331,0.08421704803500715,0.7595180457746479,0.20582221694180053,0.14975607944667607,0.34598756067961167,7.323475341626273,8.966312662590415,0.06094231341267351,2.714380968619671,2.851460124747602
182,0.23604705707930082,0.2360470570793008,0.06391222705959967,0.6663841321285535,nan,nan,nan,nan,nan,0.25238121676446806,0.0015916057691058322,0.8793552442528736,0.2042326751806995,0.008463109383414043,0.6936565896739131,0.30601372682713435,0.132936948946318,0.7387056715291751,0.18156060954490127,0.11265724413956084,0.3538190230582524,8.02002389257135,43.037198745618156,0.19991930382251602,4.131368625429969,1.7217704296184837
26,0.23611109739738875,0.23611109739738875,0.0643272475497054,0.665570722016597,nan,nan,nan,nan,nan,0.2638224974795515,0.002002358540337553,0.9183728448275862,0.1817349007851849,0.00442886109925881,0.625,0.3095697820135238,0.1354506374748689,0.744867643360161,0.18931720931129478,0.11542713308435634,0.3740423998786408,8.129789360842803,35.95690082421797,0.18668447014371475,4.869904305551541,1.3280612288883462
183,0.23649174705427284,0.23649174705427284,0.07630469693760147,0.6369593723459512,nan,nan,nan,nan,nan,0.25023204835109836,0.0015102125191238827,0.8720366379310345,0.1817349007851849,0.00442886109925881,0.625,0.2826067753931695,0.12045770989651368,0.6879794391348089,0.23139326368763857,0.1788220042355095,0.36282141231796117,7.792560409792523,7.503750117053296,0.18219931327912256,4.282842164848686,2.577186589165693
118,0.236498399564746,0.236498399564746,0.048517854098621235,0.7064497632300577,nan,nan,nan,nan,nan,0.2578931537905859,0.0020944766095022356,0.897389846743295,0.21213336448095713,0.01132094940377469,0.7141644021739131,0.3117276612043718,0.10059754862374626,0.8395529426559356,0.1642394187830691,0.08005844175746175,0.3746918613470874,9.05002729073776,60.13825470162803,0.09526702021557942,3.8984867098768783,0.9582759512440227
110,0.236592264634426,0.23659226463442598,0.07696897221085139,0.6356504956933624,nan,nan,nan,nan,nan,0.24429298264706834,0.0020077810698803265,0.8500059865900383,0.1817349007851849,0.00442886109925881,0.625,0.3146882199027991,0.15173050987599113,0.7220824949698189,0.20565295520265156,0.1497087367982753,0.34551350121359226,4.646440064521232,148.789894000373,0.1757273725460772,2.967188605826148,0.3023133771363793
171,0.2370558802814493,0.2370558802814493,0.06488250325919864,0.6674893228370758,nan,nan,nan,nan,nan,0.24326678906756566,0.0034865794072355726,0.8427173132183908,0.21633716695054925,0.01389445220902979,0.7224439538043478,0.2737781171639933,0.08248139119256848,0.7520199320925554,0.21484144794368903,0.15966759022796076,0.3527760922330097,4.009122449313655,47.84622325119902,0.18356379177562665,1.7691298377788063,0.8178826656120937
43,0.2371071654568999,0.23710716545689986,0.07657759133887099,0.638431100751972,nan,nan,nan,nan,nan,0.23025987282698998,0.003308505865831928,0.7976382902298851,0.19931151509322292,0.006770496130512062,0.6806640625,0.3180302250672784,0.16164699316260017,0.7089883048289738,0.20082704884010816,0.1345843701965398,0.3664337454490291,9.070808332475893,65.6103688593696,0.21518544601256745,4.01002348504827,2.181723064792713
44,0.23734749818626505,0.23734749818626505,0.06483889660303399,0.6686190021443427,nan,nan,nan,nan,nan,0.2468748107947511,0.007945137411502023,0.8441989942528736,0.2018544490704571,0.008751120002987698,0.6846127717391305,0.2897428817614637,0.10888450126685396,0.7418888329979879,0.2109178511183884,0.13377482773079225,0.4037754095873786,9.15824483578809,64.63354096004569,0.0862705452427386,4.004267271827063,2.1122333816502925
184,0.23784585392076035,0.23784585392076035,0.08116574468720913,0.6295461270046383,nan,nan,nan,nan,nan,0.24240112477971526,0.0042861436571185255,0.8376885775862069,0.19622769256129302,0.007089693498853645,0.6690726902173914,0.28199806103624964,0.12256074118515585,0.680591360663984,0.23075653730578352,0.1907264004077085,0.3308318795509709,7.979468923964517,6.995217756180306,0.19854216512740974,3.8157012170093028,1.7798340459063033
80,0.23860320461099996,0.23860320461099993,0.06135295079917856,0.6817288391405534,nan,nan,nan,nan,nan,0.25837872734894857,0.006001051621861318,0.8893229166666666,0.20229816544124077,0.008455203356867474,0.686905570652174,0.29829967851039013,0.09628215051816784,0.8033434984909457,0.19543624714342037,0.13467339769981762,0.34734337075242716,5.728674126826586,25.993790838666122,0.23254346304760698,3.2735606650266713,4.055883443407963
188,0.23991347176900546,0.23991347176900543,0.06740460583505689,0.6711856366038768,nan,nan,nan,nan,nan,0.24856529102173344,0.0025831219898137226,0.8635207136015326,0.19483352124851736,0.006156875400098209,0.6665251358695652,0.3265660963562094,0.14637764556267704,0.7770372233400402,0.1896889784495616,0.1145007803876386,0.3776594736043689,8.44508119523857,61.55008448832589,0.205212513033174,4.311865392666897,2.730010865554348
79,0.23994582671319595,0.23994582671319595,0.055258497429247336,0.7016641499230675,nan,nan,nan,nan,nan,0.255059810805328,0.003862949686846113,0.8830519636015326,0.24705057238819952,0.011903410039131502,0.8349184782608695,0.29532853171240003,0.1230078568722091,0.7261302188128773,0.16234439194685626,0.08225977311880264,0.3625559390169903,6.807889123660293,45.82173437773802,0.22643937526518831,3.2204863695907746,1.1143102547022536
41,0.24017671886008093,0.24017671886008093,0.06973130261794475,0.6662902594654214,nan,nan,nan,nan,nan,0.24724975444377034,0.006596255838136719,0.8488835009578544,0.194842965852401,0.008768603280317895,0.6600288722826086,0.3160559660538452,0.14201620458805936,0.7511553697183099,0.2025581890903072,0.12154414676526501,0.4050932949029126,9.067516968896319,318.9601025774903,0.0829243134210933,4.036688789042026,2.9718887150536952
116,0.24021492533572256,0.24021492533572253,0.06680871339920447,0.6737304551770176,nan,nan,nan,nan,nan,0.256174730434078,0.0031609061326133836,0.8887092911877394,0.19061144908706462,0.0075319798088470166,0.6483101222826086,0.306468272971073,0.11736041113334524,0.7792379275653923,0.20760524885067452,0.13918155652201225,0.3786644796723301,5.343963777705309,56.102104369344126,0.17471194631556855,3.069026825523271,0.9911052176026339
112,0.2402724288049034,0.2402724288049034,0.07057550878363389,0.664514728858077,nan,nan,nan,nan,nan,0.23830695407077476,0.0036728391473605055,0.8248922413793104,0.23430388968996477,0.018871233609428877,0.7728855298913043,0.29214621324221174,0.12316780216082676,0.7145922409456741,0.19633265821666232,0.13659016021691944,0.3456889032160194,4.961608029902842,129.27949694978213,0.17418338127438773,3.8952128260939416,2.545059806258423
83,0.240400210087997,0.240400210087997,0.0702255996132296,0.6658367362749155,nan,nan,nan,nan,nan,0.2524135932333955,0.002714519032500865,0.8766612787356322,0.1927358380214894,0.005258162360519877,0.6614300271739131,0.3159445073872594,0.1326800819719417,0.7741055709255533,0.20050690170984375,0.14024963508795601,0.35115006826456313,6.7656064309717845,49.97883320234126,0.19438851871732918,1.0048727623732758,1.4775444782303735
0,0.24055485458004291,0.24055485458004294,0.06745409827280058,0.6733067453481487,nan,nan,nan,nan,nan,0.2525374904511483,0.0031513850990405054,0.8760027538314177,0.19829323481213004,0.005905365693503747,0.6792629076086957,0.2829759235014876,0.08947615205701222,0.766725352112676,0.22841276955540582,0.17128349024164582,0.37123596783980584,0.7,500.0,0.1,0.1,0.1
7,0.24060686120907152,0.24060686120907152,0.05172834230412617,0.7128031584714348,nan,nan,nan,nan,nan,0.243722364122665,0.0069380818023823095,0.8356830699233716,0.2284267196313951,0.013088847701344414,0.7667713994565217,0.3347583722111395,0.11927791827869387,0.8734595070422535,0.15551998887108645,0.0676085214340841,0.37529865746359226,9.716241533731406,98.81268798298628,0.02670902726489729,4.369610754225076,0.35937355105455426
90,0.24070463788268437,0.24070463788268437,0.09104702099604137,0.6148486800992918,nan,nan,nan,nan,nan,0.23173755886339648,0.004215867849368049,0.8005417863984674,0.1840858617035241,0.004663141167542404,0.6326426630434783,0.2812719153800422,0.11850402157230047,0.6881916498993964,0.26572321558377476,0.23680505339495453,0.33801862105582525,8.711840169164462,8.59766755950644,0.19354223336124432,4.174321126127588,4.6451209493214956
57,0.2411366757334506,0.2411366757334506,0.08094240059011357,0.6416223635917931,nan,nan,nan,nan,nan,0.22148499933116114,0.0019312500214799522,0.770369372605364,0.1817349007851849,0.00442886109925881,0.625,0.32835402122637375,0.14770807941511235,0.7799688757545271,0.23297278159108267,0.16970141182460313,0.39115120600728154,9.941059628636012,116.88470139245352,0.14405186243764143,4.429641491793074,0.48809943189512683
46,0.24118757336494046,0.24118757336494046,0.07562614015470251,0.6550911563905352,nan,nan,nan,nan,nan,0.24757671829949704,0.0065451450828973076,0.8501556513409961,0.2050346077586389,0.012133369340355343,0.6872877038043478,0.27938647094002667,0.10943834301825062,0.7042567907444668,0.23275249646159918,0.1743877031773068,0.3786644796723301,9.256474807357911,67.36205254764077,0.20571390647675386,3.916087337053593,2.372271110391341
64,0.2414208589930868,0.2414208589930868,0.07133398361989995,0.6666380474260538,nan,nan,nan,nan,nan,0.24758011272212913,0.004735960492973078,0.8546904932950191,0.18781560677557657,0.006267257094502802,0.6416864809782609,0.29875034705755904,0.08739975650432515,0.8271268234406438,0.23153736941708233,0.18693296038779877,0.34304839199029125,9.592296688205714,177.3414535277463,0.1088490264846429,4.669470589325584,2.642363955525038
74,0.2419678329155875,0.2419678329155875,0.0841445971470459,0.6365259223369413,nan,nan,nan,nan,nan,0.2346008006029584,0.005296963756019105,0.8078603927203065,0.1817349007851849,0.00442886109925881,0.625,0.30331740917821326,0.12656527325191305,0.7451977489939637,0.24821822109599337,0.20028729048099264,0.3680455476334951,7.894784410433408,29.345028732924746,0.16931575942976676,3.707048697545716,1.1168921649238208
115,0.24200335596034683,0.24200335596034686,0.08232843406679985,0.6411906606942143,nan,nan,nan,nan,nan,0.240310896463561,0.003245599876571509,0.8329741379310345,0.1817349007851849,0.00442886109925881,0.625,0.3168164034734483,0.14981497190508117,0.7343199823943662,0.2291512231191932,0.17182430338628793,0.3724685224514563,9.037512138220727,154.543552042197,0.1770755370603884,3.8753550414422113,0.6633339001521632
144,0.24325346615586407,0.24325346615586407,0.07462202340622312,0.6648320730299664,nan,nan,nan,nan,nan,0.2586097383836262,0.0015471682198352533,0.9012661637931034,0.2034883872664126,0.009153443259934158,0.6893257472826086,0.28059034573006547,0.10215118221122646,0.726688254527163,0.23032539324335194,0.18563629993389658,0.3420481265169903,9.252770465114526,32.38107500058804,0.20108310655421988,3.6493330266886197,1.3094552500143717
61,0.24333775257644366,0.24333775257644366,0.07277752262145987,0.669738327463903,nan,nan,nan,nan,nan,0.2504616160282498,0.005070352477863842,0.8639397749042146,0.1844632176865666,0.004172417804671503,0.6351902173913043,0.3391770115955731,0.15501003957384257,0.7995944416498993,0.19924916499538514,0.12685728062946153,0.38022887591019416,9.531305232848215,205.50598607460958,0.12099746424350925,4.344621995670072,2.6508631216181935
148,0.24379400347650576,0.24379400347650576,0.07310670096791985,0.6705122597479705,nan,nan,nan,nan,nan,0.2391296505067224,0.004303780824353904,0.8261943247126436,0.20564256665230526,0.012067392226270793,0.6895805027173914,0.3386643286973731,0.15569759035740885,0.7960811745472837,0.19173946804962222,0.12035804046364584,0.37019303701456313,9.763770541471622,249.99953639253857,0.021478419089951323,3.4180070499166693,1.5667267580585564
111,0.24380326136397035,0.2438032613639704,0.07933715743259437,0.6549685211924103,nan,nan,nan,nan,nan,0.26199642427613323,0.002073969082371977,0.9118025622605364,0.20539772885438878,0.009635624743970327,0.6948029891304348,0.27095655954947945,0.12173732220226915,0.6440046529175051,0.23686233277588004,0.183901713701766,0.36926388046116504,8.227653684343743,58.985508343014644,0.1770787404422367,3.0107817273548267,2.2166387752541654
175,0.2450090825557261,0.24500908255572607,0.08895835926233224,0.6351358907892105,nan,nan,nan,nan,nan,0.2595330143866904,0.0030313255053511755,0.9007872365900383,0.1817349007851849,0.00442886109925881,0.625,0.3071682011022017,0.16312149763966188,0.6672849597585513,0.2316002139488272,0.1852517528050571,0.3474713668082524,5.052655293608464,51.1633953651848,0.18963772683496674,4.0855758187172855,2.4359507149211974
58,0.24509712259700217,0.24509712259700217,0.05049221118264695,0.7316094011328901,nan,nan,nan,nan,nan,0.2609180989808657,0.008580357730300008,0.8917624521072797,0.28561900259541484,0.0036369840683633053,0.9905740489130435,0.2628211545539508,0.09638585883025942,0.6789093938631791,0.1710302342577774,0.09336564410166505,0.36519170964805825,7.552362702473886,2.1252501771069343,0.15305902337569147,4.373496443143766,0.5882919427552479
5,0.2452777376056307,0.24527773760563074,0.0832214763792409,0.6504183906716051,nan,nan,nan,nan,nan,0.26800408831478334,0.0013371891579379896,0.9346713362068966,0.18243052898327808,0.004383718837458833,0.627547554347826,0.2920958934682288,0.132994235764977,0.6898500377263581,0.23858043965623268,0.1941707617565898,0.3496046344053398,9.541130442299721,0.5092786953177887,0.2947731157979686,4.396604871283858,3.6497721313716456
20,0.2462274798942346,0.2462274798942346,0.07815407345335718,0.666410995996428,nan,nan,nan,nan,nan,0.23002593862988738,0.006644791093336476,0.7884788074712644,0.2210518801837747,0.009285811605110623,0.7504670516304348,0.2974711244112076,0.1165350268919884,0.7498113682092555,0.2363609763520687,0.18015066422299322,0.3768867566747573,4.068572893231905,15.951385604943336,0.032297243198114944,3.4835606292222003,1.7928686465214554
192,0.24637793589101553,0.2463779358910156,0.07703528796610437,0.6697345557032935,nan,nan,nan,nan,nan,0.24614296412883602,0.0050647091673435285,0.8488386015325671,0.2328973655347091,0.012876963922505766,0.7829483695652174,0.2961810544789576,0.14059349136108384,0.6851499622736419,0.21029035942155955,0.14960598741348435,0.3620012894417476,9.449310941544008,11.219280502625026,0.16852004599839657,4.440485238470113,2.098214311960537
2,0.2466263436170053,0.2466263436170053,0.0851494003073934,0.6503187018910348,nan,nan,nan,nan,nan,0.23016985144631827,0.0022006751666079362,0.8000927921455939,0.25012120816623823,0.010546729476211731,0.8490574048913043,0.2672045472504116,0.13032693456103894,0.6093985789738431,0.23900976760505305,0.19752326202571502,0.34272603155339804,7.0885853125222695,3.9522340888089444,0.10921234846727382,4.330853514441405,3.177090072603708
176,0.24663613020839015,0.24663613020839015,0.08070545542468596,0.6614628171676505,nan,nan,nan,nan,nan,0.2678189333549225,0.0013832883060868792,0.9339080459770115,0.19467149631501862,0.00756047527580869,0.6624490489130435,0.30611955652730377,0.15675211253862767,0.679538166498994,0.21793453463631574,0.15712594557822063,0.3699560072815534,7.819508852861206,0.2084215941940787,0.1811979577375569,4.121923476404822,2.4362100262785207
170,0.24673054464170435,0.24673054464170435,0.06091293041166596,0.7112745802168002,nan,nan,nan,nan,nan,0.22295640448225496,0.005416025662130064,0.7668073515325671,0.2527160522532466,0.008269185111066927,0.8638332201086957,0.285427257754129,0.06543065582559952,0.8354187625754527,0.2258224640771868,0.16453585504786733,0.3790389866504854,4.427906691900914,13.791333152701586,0.03717271922424242,1.8928318887422135,2.456164065780185
162,0.2467978794629097,0.2467978794629097,0.0916669077511828,0.6346253087422269,nan,nan,nan,nan,nan,0.2323988408382419,0.002327965296143938,0.8075760296934866,0.20459716136647488,0.009075292217412585,0.6934018342391305,0.33468008002763777,0.20364705670670089,0.6622626383299799,0.21551543561928432,0.15161731678447377,0.37526073270631066,8.84627056749344,78.29026152129869,0.030959725812059257,3.1721525580090346,0.9628055740826525
54,0.24708880539822775,0.24708880539822775,0.07015024007169789,0.6894352187145524,nan,nan,nan,nan,nan,0.26263079940127165,0.0021359448322782804,0.9138679358237548,0.22548639379474705,0.01651315239960236,0.7479194972826086,0.2896936758390054,0.11727889265348082,0.7207306338028169,0.21054435255788695,0.14467297040143007,0.3752228079490291,9.985324640596826,12.849577698281609,0.14518390829829256,4.493565296669098,0.49648917292349554
55,0.24727246769092406,0.24727246769092406,0.07220784238994689,0.6849340309433669,nan,nan,nan,nan,nan,0.24271341632914295,0.0017360433971986,0.8451568486590039,0.2341883391000497,0.01870946278354781,0.7728855298913043,0.297729976909869,0.11293929664765963,0.7597066775653923,0.21445813842463454,0.15544656673138152,0.361987067657767,9.959150382357612,117.69978213770632,0.14725498735986622,4.416921018722479,0.5328891068815593
107,0.24753447675116821,0.24753447675116821,0.0694633907361899,0.6927121917886139,nan,nan,nan,nan,nan,0.25900553813943245,0.001472695923941012,0.9028376436781609,0.21733909409937865,0.013259106739130111,0.7275390625,0.3358452450436328,0.16383902716571358,0.7658607897384306,0.17794802972222898,0.09928273311597491,0.3746112712378641,8.226362679921618,21.353225656209094,0.23922258901956356,4.821777678915599,2.509588020920472
160,0.2476353198116715,0.2476353198116715,0.08303328994545703,0.6591403944772076,nan,nan,nan,nan,nan,0.247007336079238,0.004299255185262666,0.8537775383141762,0.19421536099680797,0.005953815178139808,0.6648692255434783,0.34160421104795674,0.1719078672981253,0.7658450704225352,0.20771437112268334,0.14997222212030037,0.3520697436286408,6.384846838891817,79.17495362208179,0.02718743529320715,2.25083838148755,0.9561312026408804
87,0.24782183731326068,0.24782183731326068,0.07483326168962492,0.6802932763723499,nan,nan,nan,nan,nan,0.24490807045224905,0.006131595568014517,0.8418492576628352,0.2455980773535716,0.021588666990652393,0.8056216032608695,0.2826853030525602,0.11176168785507316,0.7099943410462777,0.21809589839466187,0.1598510963447596,0.36370790351941745,8.712833093955393,42.15135249099909,0.19431807866221518,2.4187554255832393,1.917580199939753
76,0.24843926503021752,0.24843926503021752,0.0733646104652038,0.6861259014427517,nan,nan,nan,nan,nan,0.27114970906232166,0.0052501578213498944,0.9358985871647509,0.23249741933083382,0.011807528367515094,0.7842221467391305,0.26429673356401334,0.10285936562140936,0.6678901534205232,0.2258131981637012,0.17354139005054087,0.35649271844660196,7.8411166557370064,0.7303893452982203,0.16489793411838471,3.7878166867613112,2.3579658629748392
24,0.24851156856429765,0.24851156856429765,0.07551847305026937,0.6809943073493683,nan,nan,nan,nan,nan,0.23667027040034025,0.0028781295183307196,0.821150622605364,0.22966831745093189,0.009630073779130676,0.7797639266304348,0.2903986632211467,0.10547663957600373,0.7527037223340041,0.23730902318477173,0.1840890493276124,0.3703589578276699,6.29348920726964,18.513818137602644,0.2652355037513892,4.974224480838206,1.6033278524079626
173,0.24884372491897205,0.24884372491897205,0.09433195844967196,0.635123141092222,nan,nan,nan,nan,nan,0.2519516434169377,0.001600835266471359,0.8778286637931034,0.1817349007851849,0.00442886109925881,0.625,0.33020279237036126,0.19352447772896847,0.6718985789738431,0.23148556310340423,0.17777365970398917,0.36576532160194175,4.322528374608057,13.878036488930325,0.18893890314960332,1.5739753032029875,2.397800316967441
75,0.24904049394240071,0.24904049394240071,0.0843058463250833,0.6608771129856942,nan,nan,nan,nan,nan,0.2423229749065897,0.001626446478420903,0.8440642959770115,0.19027542217612103,0.003444014959612894,0.6573539402173914,0.2801729771560447,0.08445796278707418,0.7694605130784709,0.2833906015308474,0.2476949610752252,0.3726297026699029,7.9314593570018115,27.99682529693494,0.16620433451743705,3.2842236778963945,1.1093269690674956
163,0.24921095223847237,0.24921095223847237,0.07618380366229555,0.6817788236789143,nan,nan,nan,nan,nan,0.26110684166521514,0.0017145687527571145,0.9095875239463601,0.21411032081485976,0.01245825348862968,0.7182404891304348,0.3097679206285771,0.1412675184574727,0.731018926056338,0.21185872584523746,0.1492948739503227,0.3682683555825243,4.339728983315924,72.27838332373058,0.2192304600350639,2.5736048301684464,0.9192317589653667
172,0.24923649596954037,0.24923649596954037,0.07190774537162359,0.6925583724643322,nan,nan,nan,nan,nan,0.2590189947691185,0.002802598423892305,0.8995599856321839,0.2533869693251307,0.010176539663878634,0.8614130434782609,0.278893782290734,0.12378253263157483,0.6666719064386318,0.20564623749317823,0.15086931076714855,0.3425885543082524,4.945578714196087,14.860457130985568,0.24204252368446497,1.6096342493252551,2.4539569650603523
23,0.2496662141588776,0.2496662141588776,0.07504249556215375,0.686225510650687,nan,nan,nan,nan,nan,0.2236433228793313,0.006389684598113584,0.7667774185823755,0.2615866691531346,0.008765494423084079,0.8936396059782609,0.31061623160575424,0.14409625040499754,0.7269161846076458,0.20281863299729017,0.14091855282241977,0.357568833434466,6.527013033616029,18.897024917935948,0.26409567146708995,3.563680573737062,1.5552427672068714
193,0.24983050465442236,0.24983050465442236,0.07197010882766118,0.6944814942213253,nan,nan,nan,nan,nan,0.23550688495245362,0.0019558075158104997,0.8193845785440613,0.2694834756364681,0.009885561543229195,0.9184782608695652,0.2676980367258644,0.09355554618482173,0.7030542630784709,0.2266336213029035,0.1824835200667833,0.33700887439320387,7.458824389060724,9.976249392909175,0.2750541014128607,4.473529359022788,2.2951576893855057
25,0.24987449820687813,0.24987449820687813,0.08822915984976848,0.653987844099652,nan,nan,nan,nan,nan,0.22412376917228136,0.004326437760734098,0.7736170977011494,0.19791670095179106,0.007467212854246552,0.6740404211956522,0.3285274461395515,0.13646948596358124,0.8086723465794768,0.24893007656388863,0.20465350282051203,0.3596215109223301,7.119667089282959,33.675120883835916,0.26744942832257446,2.0053668827027726,1.386612084888277
9,0.2500175133939332,0.2500175133939332,0.09262094631221907,0.6435089310982185,nan,nan,nan,nan,nan,0.24265581136925263,0.009096727870976587,0.8265535201149425,0.19634058746315722,0.006891088752767878,0.6699643342391305,0.333809553497694,0.18713971292494058,0.7004841549295775,0.22726410124562899,0.16735625570019122,0.3770337151092233,9.731192390359551,143.46569437356055,0.14631363728141542,1.8182679659097234,4.652336048988451
16,0.25010667170595874,0.25010667170595874,0.08575199302410336,0.6609933684105972,nan,nan,nan,nan,nan,0.220891101945903,0.002434803260662647,0.7670318486590039,0.2125566662894573,0.011149305631327154,0.7160750679347826,0.3264324945902958,0.14648927009241003,0.77629055583501,0.24054642399817897,0.18293459311201363,0.38457600121359226,6.965961176787474,24.52012067783453,0.2617802646300041,0.22249329132660756,1.2926713370135623
179,0.25011863588317,0.25011863588317007,0.07811745860922341,0.6801215790680365,nan,nan,nan,nan,nan,0.26121938662506133,0.004566097213783148,0.9028526101532567,0.22622552464515425,0.016477962764085467,0.750594429347826,0.30016975074633445,0.14482894883158853,0.6885217555331992,0.2128598815161301,0.14659682562743648,0.3785175212378641,5.1413022042377055,48.93501836140864,0.1817798769310946,3.7745681908188646,1.8560738123820606
28,0.25036331895114855,0.25036331895114855,0.10138037995932545,0.6228206664307061,nan,nan,nan,nan,nan,0.2460519193095265,0.0022911736233753046,0.8554537835249042,0.1817349007851849,0.00442886109925881,0.625,0.2803714583663216,0.12387378919775967,0.6716156312877264,0.2932949973435612,0.27492769591690797,0.33921325091019416,8.317362367296655,5.274694886618436,0.17967338338393748,4.797243454595239,1.3579107313779322
137,0.25100418133987284,0.25100418133987284,0.0798057490397795,0.6790002620901062,nan,nan,nan,nan,nan,0.2638299505363188,0.002276202781497645,0.9177143199233716,0.20541324718235432,0.01108398083790473,0.6912364130434783,0.2783231673930921,0.08867469290163674,0.7524443536217303,0.2564503602477262,0.21718811963807885,0.35460596177184467,9.24870687047203,72.17265570713168,0.15937513668536518,4.951781099229115,1.9795357152860364
103,0.25114417680787327,0.2511441768078732,0.08754488009005192,0.6601424186024264,nan,nan,nan,nan,nan,0.23663304752470057,0.005226640097799118,0.815149066091954,0.19431236200172802,0.008025757889375774,0.6600288722826086,0.27837145127145746,0.06474203882229392,0.8124449823943662,0.2952598464336068,0.27218508355073884,0.3529467536407767,8.217933118903089,19.411755780146848,0.033451400017593,2.841823595078057,2.9455094196722333
35,0.25142091735433336,0.25142091735433336,0.09284762135369362,0.6478541573559327,nan,nan,nan,nan,nan,0.24571229247160298,0.005054441261010427,0.8473569204980843,0.20102998995025628,0.006883562017315331,0.6863960597826086,0.28671130717376286,0.12416054332294608,0.6930882168008048,0.2722300798217113,0.23529193881350263,0.364575432342233,8.57506340579955,6.909365119805703,0.1814114804234154,4.980357214019948,0.8178510792948214
135,0.25217956733721586,0.25217956733721586,0.08448945959606537,0.671404836690092,nan,nan,nan,nan,nan,0.24292170925375653,0.00163852513916716,0.8461296695402298,0.23528585094903842,0.010463370676479827,0.7973420516304348,0.2586075581603164,0.07303209550894994,0.7225462147887324,0.2719031509857521,0.25282384705966454,0.3196014108009709,8.514841182483963,3.2777231248937357,0.1588169811821325,4.575527859016116,2.195130009855846
99,0.25279336733122487,0.25279336733122487,0.09338642586452081,0.651310720997985,nan,nan,nan,nan,nan,0.23560971591378996,0.005296609942141219,0.8113924808429118,0.20092464734276402,0.008213663888565237,0.6827021059782609,0.38898130749455395,0.24219392606581613,0.7559497610663984,0.18565779857379158,0.11784150356156062,0.3551985361043689,1.755427207392278,16.986934533269284,0.047514376184219706,2.78844236366902,2.8552447250173865
141,0.25285497830424414,0.25285497830424414,0.09749440405393674,0.6412564139300125,nan,nan,nan,nan,nan,0.23029409406125698,0.005625333218326832,0.7919659961685823,0.23754539384036422,0.009754448115640307,0.807022758152174,0.30931514108432034,0.1859335516427969,0.6177691146881288,0.23426528423103496,0.1886642832389829,0.34826778671116504,9.209636137104699,6.15743444347473,0.15802729147687417,3.385244802250786,2.2012392805255354
181,0.2530102341464814,0.2530102341464814,0.10067846971680747,0.6338396452206662,nan,nan,nan,nan,nan,0.2303746902299198,0.002499422643726777,0.8000628591954023,0.19617843827728426,0.008039759240371869,0.6665251358695652,0.27655886528377205,0.097786661900299,0.7234893737424547,0.30892894279494953,0.29438803508283223,0.3452812120752427,8.413175263412352,7.569359043896075,0.19166906277292012,4.0295071953239985,1.835243798741407
105,0.25329605233855623,0.25329605233855623,0.08481184505920487,0.6745065705369344,nan,nan,nan,nan,nan,0.25804387239257975,0.0022216703917572094,0.897599377394636,0.1956085849817207,0.005764383104843755,0.6702190896739131,0.28279405692757775,0.08781937587567115,0.7702307595573441,0.27673769505234663,0.2434419508645474,0.35997705552184467,1.4076519256064417,20.50546657547449,0.18561637841156114,2.7276582208285642,2.8390644069567608
194,0.25341715536809684,0.25341715536809684,0.10027410980161,0.6362747692843138,nan,nan,nan,nan,nan,0.22376562131877098,0.001813536512945964,0.7786458333333334,0.2247454267491445,0.01618911375315008,0.7461362092391305,0.3488546939653402,0.22941455444886047,0.6474550427565392,0.21630287943913176,0.1536792344914835,0.3728619918082524,9.40989077546834,9.9903589697938,0.2065170535884375,4.4077294049222635,2.729315781619019
156,0.2535644493888617,0.2535644493888617,0.06284666162688157,0.730358918793812,nan,nan,nan,nan,nan,0.23983013556825422,0.0058112798338700285,0.8248772749042146,0.25628319307775016,0.010257068134937137,0.8713485054347826,0.32370109650175893,0.13179069003203994,0.8034771126760564,0.1944433724076835,0.10352760850667919,0.42173278216019416,9.960871390827512,107.05679404780868,0.027325863903307875,2.3963768335663036,1.4894759635800576
95,0.2536465020958806,0.25364650209588063,0.08171486883496767,0.6834755852481629,nan,nan,nan,nan,nan,0.23739004215475623,0.007142514955355989,0.8130088601532567,0.22990294163027436,0.009652841108471042,0.7805281929347826,0.3499738706398991,0.199055471209742,0.7272698692152918,0.19731915395859273,0.11100864806630165,0.41309541868932037,3.517218160710581,89.25446704999317,0.04159697450439846,2.6647407067971933,1.6895176942360042
147,0.25397063789032653,0.2539706378903265,0.08650813075947766,0.6726269057174485,nan,nan,nan,nan,nan,0.25162230828846704,0.0020437411823978416,0.8755687260536399,0.20595402543253793,0.009650173649031382,0.6967136548913043,0.2969534862669255,0.11509982041152264,0.7515876509054326,0.2613527315733756,0.2192387877949588,0.36663759101941745,9.713825136452671,260.0630250790831,0.20282909013363137,3.451254398047053,1.232003225965096
84,0.2548146768502932,0.2548146768502932,0.08664279509100122,0.6752443812485229,nan,nan,nan,nan,nan,0.24841579056223978,0.003253850082154795,0.8613206417624522,0.21587190652994653,0.014414962620186,0.7195142663043478,0.2975545806079458,0.10901542190545004,0.7689024773641852,0.25741642970104056,0.21988694575621404,0.3512401395631068,6.820492208450814,39.884740855634135,0.22838171848649674,2.6124436606512837,2.379104703340118
113,0.2550638208556338,0.2550638208556338,0.11533220445792042,0.6043928618499173,nan,nan,nan,nan,nan,0.23279105028036964,0.001769539358034735,0.8103448275862069,0.20378193186069848,0.006405438300630074,0.6972231657608695,0.2559017019837626,0.13293856486982292,0.5633095447686117,0.3277805992977044,0.32021527530319394,0.3466939092839806,8.389186490530282,4.769157122829098,0.17561675393318268,3.0594466443926525,2.498404586084025
68,0.2581639262284741,0.2581639262284741,0.09491629079652986,0.6662830148083347,nan,nan,nan,nan,nan,0.2346620363555837,0.007352281932299842,0.8029364224137931,0.22415607949082653,0.01189935367846142,0.7547978940217391,0.3073066974639793,0.1168553824857883,0.7834349849094567,0.2665308916035069,0.24355814508956986,0.3239627578883495,9.600690337597,210.08626456266833,0.1072313927572773,4.670091590756645,2.642436132399973
60,0.25825439378577536,0.2582543937857754,0.08011982041915554,0.7035908272023248,nan,nan,nan,nan,nan,0.25831393309576967,0.002414171085035297,0.8980633381226054,0.24233929731732112,0.012644581461640835,0.8165760869565217,0.26470931119586305,0.06764409201223638,0.7573723591549296,0.26765503353414766,0.23777643711770965,0.3423515245752427,7.503448950013329,13.254767534651593,0.12439062007179014,4.327134949197266,3.518791807431732
100,0.258811840089736,0.258811840089736,0.09110553665881023,0.6780775986670504,nan,nan,nan,nan,nan,0.24797736170515597,0.006986314050053603,0.8504549808429118,0.21683964500039432,0.008891399739682452,0.736710258152174,0.318673928246373,0.15622272489703484,0.7248019366197183,0.2517564254070209,0.19232170794847003,0.40034321905339804,3.4983205422690062,87.13104506777826,0.042965168888677255,4.199023030658948,4.768709839526608
70,0.25917666946127077,0.25917666946127077,0.0816074433404725,0.7030997347632665,nan,nan,nan,nan,nan,0.2739785432874553,0.011706933782513996,0.9296575670498084,0.26179002784742794,0.007521663986399092,0.8974609375,0.2604768869371095,0.10396907531356299,0.6517464159959758,0.24046121977309037,0.2032321002794139,0.33353401850728154,9.533273461464113,0.8642488644980956,0.16363805605643514,4.699303721890988,2.721872224353367
42,0.2601039735108359,0.260103973510836,0.06185158676154749,0.755734940384057,nan,nan,nan,nan,nan,0.24936090194875077,0.005241517517523034,0.8596593630268199,0.27930972092967643,0.006522739736329576,0.9612771739130435,0.3222823822517856,0.13714541060521612,0.7851248113682092,0.18946288891313098,0.09849667918712124,0.41687841322815533,5.350701171162635,398.87289332332546,0.07432997404936369,4.086026909791965,2.80158719056882
165,0.26035613389783535,0.26035613389783535,0.08882169432503481,0.6891922328298368,nan,nan,nan,nan,nan,0.2256963230094833,0.004043578266916404,0.7798281848659003,0.22214985716904675,0.011485343514926307,0.7488111413043478,0.4254653564782558,0.25391042764098665,0.8543526785714286,0.1681129989345556,0.08584742787730988,0.3737769265776699,6.489205177628682,12.921515705737523,0.02852791739782274,2.9145307290597495,0.783181314827669
178,0.26051713774628693,0.26051713774628693,0.08560952520025028,0.6977861691113786,nan,nan,nan,nan,nan,0.26302728630178546,0.005845959443189259,0.9059806034482759,0.2435326763376096,0.02093895339439255,0.8000169836956522,0.2949236870918824,0.1298165774215931,0.7076914612676056,0.24058490125387036,0.18583661054182624,0.3774556280339806,4.805931634536344,48.454533767697185,0.1838318385798248,4.081443663850694,2.48016752387008
104,0.26096959072146064,0.26096959072146064,0.08754340665437407,0.694535050889177,nan,nan,nan,nan,nan,0.25508119851536815,0.001528189415768186,0.8889637212643678,0.24654836794068952,0.01940344881261744,0.8144106657608695,0.32300980544420493,0.15812733426172593,0.7352159834004024,0.21923899098557997,0.17111465412738477,0.33954983313106796,8.257319207045612,19.58988997018036,0.21353272977405652,4.218288618087367,2.8808625136249475
88,0.2612754452386374,0.2612754452386374,0.10358764908400891,0.6554949356252086,nan,nan,nan,nan,nan,0.24688188641811237,0.004632485812943466,0.8525053879310345,0.19713370990818616,0.0063200743062431855,0.6741677989130435,0.2885882690687903,0.10222528695787583,0.7544957243460765,0.31249791555946077,0.3011727492589732,0.34081083131067963,8.7321494060925,52.28541331062503,0.19729850530669577,2.5777160907207604,1.9476917031008172
82,0.2617743367160632,0.2617743367160632,0.08913642992994297,0.6933691036813637,nan,nan,nan,nan,nan,0.228196330987143,0.0035026411597779685,0.7899305555555556,0.2575661520309769,0.008180928060758921,0.8810292119565217,0.2986563437373036,0.11136586312357304,0.7668825452716298,0.26267852010882925,0.23349628737566194,0.3356341019417476,5.920829113090029,44.65105208363602,0.2884476714946333,3.369128814343272,4.18866153484708
59,0.263114350966409,0.26311435096640906,0.07343983480783547,0.7373006413628428,nan,nan,nan,nan,nan,0.2745121603907684,0.001360846386156175,0.9573904454022989,0.266510174768238,0.007251472936402695,0.914656929347826,0.27365403178964914,0.10478314953568986,0.6958312374245473,0.23778103691698058,0.18036387037309315,0.38132395327669905,0.8359803910332317,2.7786021312255214,0.13758135280000297,4.357998858385388,0.014562525480933619
131,0.26490779345265913,0.26490779345265913,0.07870711952594439,0.7304094782694459,nan,nan,nan,nan,nan,0.24639123996090725,0.0016407436081053467,0.8582674808429118,0.2793827132543659,0.007134439860460017,0.9600033967391305,0.30399599180739934,0.11946071146798483,0.7653341926559356,0.2298612287879641,0.1865925831672274,0.33803284283980584,9.243014346775233,34.118742379839595,0.257423858561921,4.570407014148931,2.215720103125774
11,0.265227198159116,0.265227198159116,0.08655230144799216,0.7119144399369255,nan,nan,nan,nan,nan,0.2534162652825238,0.002603652621586982,0.8804477969348659,0.28068790808133126,0.006210353922559427,0.9668817934782609,0.24853203451024114,0.08456456662419672,0.6584507042253521,0.2782725847623677,0.2528306326236255,0.3418774651092233,9.155714606401743,2.1261690683963566,0.17819451812638495,1.8671824069425296,0.2219540467118325
39,0.26579406082607265,0.26579406082607265,0.11127234742340819,0.6520983443327337,nan,nan,nan,nan,nan,0.2342357783116428,0.003911890402583384,0.8100454980842912,0.1916191975816019,0.0070066863968513415,0.6531504755434783,0.3108972131134198,0.13243919695033696,0.7570422535211268,0.32642405429762616,0.30173161594386105,0.38815515018203883,8.938492962625316,283.1439480404548,0.08218673281014284,4.0338279417728025,0.7820291269728452
77,0.26621586838174965,0.2662158683817496,0.08770952735661408,0.7124817209445884,nan,nan,nan,nan,nan,0.2559335242349597,0.00555310251131895,0.8818845785440613,0.24737066430641394,0.010517299594196918,0.8395040760869565,0.2955902015801498,0.10446385766492598,0.7734060613682092,0.26596908340547504,0.2303038496560145,0.3551321677791262,7.947396752661673,26.73909953620958,0.2287160160142717,3.7622019130676234,1.105068236784091
27,0.2663830647313677,0.2663830647313677,0.09475384454199218,0.6954561152048063,nan,nan,nan,nan,nan,0.25848634342720694,0.0015659861620743142,0.9007872365900383,0.2365593463147988,0.01861515005810959,0.7814198369565217,0.3710247181377288,0.22845749271676388,0.7274427816901409,0.1994618510457362,0.13037674923102088,0.3721746055825243,8.134187884082618,36.27464116220439,0.17604483222022985,4.983911912037334,1.4516610544995971
190,0.2668801660623366,0.2668801660623366,0.09299770536411148,0.7015863178078994,nan,nan,nan,nan,nan,0.21830269570359281,0.00364221268234792,0.754953903256705,0.2725153086754085,0.0054684430151370755,0.9401324728260869,0.29741769036330906,0.11159980675008134,0.7619623993963782,0.2792849695070361,0.2512803590088796,0.34929649575242716,8.571181698309362,38.299478344652044,0.2992846168987162,3.9535635917768337,2.2972797740459088
45,0.26828703521370156,0.26828703521370156,0.0974924653840471,0.6952734597878376,nan,nan,nan,nan,nan,0.25529707133331164,0.0028241853072492897,0.8864792863984674,0.24284368485362642,0.015745425099424733,0.8105893342391305,0.2976564128050694,0.12078713688081946,0.7398296026156942,0.2773509718627988,0.2506131142486949,0.34419561589805825,9.226177206291165,72.15895719698578,0.20766866190702254,4.551197165662115,2.1002632642172476
142,0.2689255108825663,0.26892551088256633,0.09770165264741848,0.6969851564704358,nan,nan,nan,nan,nan,0.24137703401245514,0.003055960644257072,0.8371797174329502,0.2673567723742996,0.008691465019671649,0.9140200407608695,0.27750554266114313,0.11023814201936297,0.6956740442655935,0.28946269448236733,0.26882104290638226,0.3410668234223301,9.327028583607726,3.4869504694679514,0.1568720890871052,4.555961136650204,2.1675469397017935
157,0.2701874360549543,0.2701874360549543,0.09814964108361171,0.7002819234833106,nan,nan,nan,nan,nan,0.23782785742862553,0.004660389288964573,0.8207465277777778,0.24401305997293654,0.008771816570806789,0.8321161684782609,0.26616002178252396,0.061306123050865524,0.77829476861167,0.3327488050357311,0.31786023542381,0.369970229065534,9.742259088801328,105.85742900867236,0.024836990310440926,2.519765010604089,0.9829476250206137
152,0.2712777676592708,0.2712777676592708,0.13993193290934483,0.5996423545340857,nan,nan,nan,nan,nan,0.2345761585880106,0.006280185241605582,0.805316091954023,0.1893294148919301,0.002527213457397777,0.6563349184782609,0.29370086055666667,0.15410436876323672,0.6426920900402414,0.36750463660047594,0.39681596417513926,0.2942263176638177,9.752977621813923,104.82772221251678,0.1886545564256035,3.602966514485536,1.4968527886226752
78,0.27169174810178354,0.27169174810178354,0.0930150000008566,0.7183836183541008,nan,nan,nan,nan,nan,0.2546471685287462,0.004566380767830851,0.8798491379310345,0.25662082907797695,0.013226361796124247,0.8651069972826086,0.31353858587801126,0.12723369829762618,0.7793008048289738,0.2619604089223998,0.22703355914184514,0.3492775333737864,6.7329897251668935,28.833040691857107,0.2274337097190832,3.257168583832554,1.1288029325846216
53,0.2720891434469961,0.2720891434469961,0.1297730537430911,0.6278793677067585,nan,nan,nan,nan,nan,0.2371497497039703,0.005950023148776766,0.815149066091954,0.19996849398254912,0.0076393154886122226,0.6807914402173914,0.3483871135934526,0.2253142678839523,0.6560692278672032,0.30285121650801233,0.28018860845102306,0.3595077366504854,9.854891726670063,11.467439465317625,0.15293870547166385,4.568522611768131,0.49620000707765044
14,0.27213191565411543,0.27213191565411543,0.09208671220219831,0.7222449242839081,nan,nan,nan,nan,nan,0.23987561625877976,0.010215230578383559,0.8140265804597702,0.2583733377813833,0.010533814198284466,0.8779721467391305,0.36128922952047887,0.15855265774718147,0.8681306589537223,0.2289894790558198,0.18904514628494376,0.3288503109830097,3.1213434499131885,196.15308930828624,0.025699864230679808,2.8951355245342776,4.228709332495415
81,0.27319399214427403,0.27319399214427403,0.10247996820639435,0.6999790519889731,nan,nan,nan,nan,nan,0.2402099974140085,0.002930730096086944,0.8334081657088123,0.2705482530179977,0.011172445529544483,0.9189877717391305,0.40389715113135843,0.2963606764389743,0.6727383378623188,0.17812056701373152,0.09945602076097168,0.3747819326456311,4.978230649561049,45.289770603444815,0.2854381555182168,3.0948040557911685,3.9664692385334326
69,0.27458771741551535,0.27458771741551535,0.09100312818395753,0.7335491904944097,nan,nan,nan,nan,nan,0.2639629213255616,0.0070720362159393795,0.9061901340996169,0.27292683038006654,0.009764002749484389,0.9308338994565217,0.3029708389444716,0.13329524092065054,0.7271598340040242,0.25849027901196153,0.21388123284975583,0.3700128944174757,9.457820410151987,0.9185494210370921,0.1671528239784509,4.663858699390051,1.1193261493867932
40,0.2760651330839075,0.2760651330839075,0.1341864322037077,0.630761885284407,nan,nan,nan,nan,nan,0.23840166253492256,0.007050162797933695,0.8167804118773946,0.18287650205792552,0.004498570272400035,0.6288213315217391,0.3820507904750031,0.2464310915744611,0.7211000377263581,0.3009315772677788,0.278765904170036,0.3563457600121359,8.825277915521001,307.07723248923537,0.0848413225278498,4.159232261759128,0.7554683564956203
67,0.27655044296539216,0.27655044296539216,0.12056163680243011,0.6665224583727971,nan,nan,nan,nan,nan,0.245495832520785,0.004643638709175625,0.8476263170498084,0.23652251453517462,0.014538449697070438,0.7914826766304348,0.2634075009019856,0.0663560143412506,0.756036217303823,0.36077592390362345,0.39670844446222375,0.27094462250712253,9.526236455015143,641.1829151263602,0.11726902162759853,4.699084271252211,1.1267733148151975
140,0.277126951210564,0.277126951210564,0.11746876077193238,0.6762724273071431,nan,nan,nan,nan,nan,0.23020561059869432,0.003501935297942105,0.7969647988505747,0.25610037695549687,0.017389033172478204,0.8528787364130435,0.43585719602225914,0.3381452183160548,0.6801371402877698,0.18634462126580584,0.11083885630125437,0.37510903367718446,9.735877382716993,11.130621817378783,0.25262742622054657,3.4261862113102266,2.2127650786325037
133,0.2775239103975145,0.27752391039751456,0.13847606388957645,0.6251435266673597,nan,nan,nan,nan,nan,0.2399904593478047,0.0016834821673863075,0.8357579022988506,0.19687970294828094,0.007543948258028045,0.6702190896739131,0.30098454825881854,0.1445612146448409,0.6920428822937625,0.37224093103515393,0.4001156104880505,0.3025542324029126,8.56251492588894,6.431653772684588,0.15718271263908243,4.577897257367397,1.9754323652655836
71,0.28108664345333495,0.28108664345333495,0.10133225738947566,0.7304726086129831,nan,nan,nan,nan,nan,0.250066541145858,0.007301012010331431,0.8569803639846744,0.2860877830756341,0.0032233039145833373,0.9932489809782609,0.290021371496151,0.11834128830386689,0.7192215794768612,0.29817087809569665,0.27646342532912094,0.3524395100121359,7.976345000294602,1.1530586191697145,0.16998461310817994,3.701941471341349,1.7825941595740855
108,0.2817795197889889,0.2817795197889889,0.13682678454344716,0.6441613579028431,nan,nan,nan,nan,nan,0.22860088364295236,0.0019976547246543094,0.7951089559386973,0.23612011880145906,0.019885421756825266,0.7767068614130435,0.2961239921986412,0.127340817448319,0.7180819290744467,0.36627308451290297,0.39808324424399,0.2867476851851852,8.25857979578434,145.88767629685609,0.17419999053001325,3.51874263952347,0.6823888665987394
22,0.282376701722664,0.28237670172266394,0.11304279260620204,0.7057114745138187,nan,nan,nan,nan,nan,0.23752052026810483,0.0036853375707490053,0.8221084770114943,0.27169116216861977,0.008900235731719823,0.9286684782608695,0.3241898825666013,0.1578962681888152,0.7399239185110664,0.29610524188733,0.28168932893352416,0.33214502427184467,6.378843773235156,22.777777794703425,0.25121816530206864,3.1992492241234127,1.6068577988769825
94,0.28423181125962804,0.28423181125962804,0.12451438746996725,0.6835253707337797,nan,nan,nan,nan,nan,0.24176737784329905,0.0053505262986262795,0.8328095067049809,0.25575970106679113,0.009065619536985819,0.8724949048913043,0.3082634444986759,0.1540097176703796,0.6938977615694165,0.33113672162974594,0.3296316863738773,0.33489930976941745,7.197997638400511,8.726801477045424,0.0637329747691469,1.6937260374236178,2.3134584636969033
66,0.2849091867915026,0.2849091867915026,0.14616506936793353,0.6317694803504251,nan,nan,nan,nan,nan,0.2402087242035914,0.004988334574683043,0.8282596982758621,0.20257148606036784,0.00827739026712364,0.6883067255434783,0.31236271931507653,0.15040199718195213,0.7172645246478874,0.3844938175869747,0.4209925554479753,0.29324697293447294,9.541788828688574,841.7251361094171,0.12946885731606766,4.685900715600426,2.5871094662944305
8,0.28503144694042765,0.28503144694042765,0.11143208116346098,0.7190298613828443,nan,nan,nan,nan,nan,0.24502241060751442,0.005549334620635128,0.8437051005747126,0.2847278200175873,0.0024402795463613017,0.9904466711956522,0.2876785892014994,0.12852970295050964,0.6855508048289738,0.32269696793510955,0.30920900753633784,0.35641686893203883,4.545632265010522,0.14258844309711993,0.0953651453112425,2.9700355647267807,4.894259232739659
187,0.28613873563734926,0.28613873563734926,0.13485152688625157,0.6643567575150934,nan,nan,nan,nan,nan,0.22741639328661642,0.007235919949921926,0.7778675766283525,0.2528318121989351,0.016277716426335152,0.8442170516304348,0.29867367718790705,0.14444156355602758,0.6842539612676056,0.36563305987593847,0.3714509076127216,0.3510884405339806,8.479307663051236,63.26987532439324,0.19860610835355125,4.247878026768941,1.3783124068318056
31,0.28862058436195887,0.28862058436195887,0.15215595548640737,0.6297821565508375,nan,nan,nan,nan,nan,0.24340634213288367,0.004304559062665454,0.8411607998084292,0.2034409704714458,0.009443717355676264,0.6884341032608695,0.2652010924487713,0.09739445699367215,0.6847176810865191,0.44243393239473466,0.4974810885336156,0.304816042047532,8.472359932777515,6.132374700331331,0.18179165836725658,4.871324978329141,0.8733580791467753
143,0.2900375512765906,0.2900375512765906,0.13432047589583787,0.6793302397284723,nan,nan,nan,nan,nan,0.25231627624270087,0.004841206280011034,0.8710039511494253,0.2393887874222434,0.011825688260705949,0.8082965353260869,0.31428884119806305,0.14544640484026605,0.7363949320925554,0.354156300243355,0.3751686042023684,0.30162554034582134,7.598486745871033,244.34030288172954,0.27019150929371955,4.91743431102168,2.2154101820812966
65,0.2928684086170502,0.2928684086170502,0.14036150948502388,0.6741356564471159,nan,nan,nan,nan,nan,0.2594519318461508,0.003157273550128347,0.9001885775862069,0.2040037454986623,0.009212580654648903,0.6909816576086957,0.31935057958717106,0.1571606051846149,0.7248255155935613,0.3886673775362168,0.39191557855070336,0.380546875,9.518707945542566,176.1047568263555,0.11417451074284929,4.7046174030759955,1.8242697412626776
96,0.2944956222116809,0.2944956222116809,0.13874878850201378,0.6838627064858486,nan,nan,nan,nan,nan,0.2618578125567476,0.0027779011809791468,0.9095575909961686,0.2187069820270235,0.013238008533485035,0.7323794157608695,0.32400386176926554,0.16797286120534194,0.7140813631790744,0.3734138324936869,0.371006383088249,0.37943245600728154,4.130750511699566,92.99137979131842,0.2179016185901581,2.0968414516805467,3.0357051550304606
17,0.29914640716776003,0.29914640716776003,0.14047778911167708,0.6958179523079673,nan,nan,nan,nan,nan,0.24550032488233126,0.0026504069425434236,0.8526251197318008,0.22219975946617296,0.010026674122207348,0.7526324728260869,0.3174458093487774,0.13097783027138693,0.7836157570422535,0.4114397349737585,0.41825624511057063,0.39439845963172804,2.5195702530534954,684.37877910903,0.05164427855158661,4.244562462108076,4.952826799091171
169,0.30222477728550134,0.30222477728550134,0.16674077462966747,0.640934783925086,nan,nan,nan,nan,nan,0.23171221193198174,0.007012039233510003,0.7934626436781609,0.21081846946371607,0.009123438770941615,0.7150560461956522,0.29009883719557317,0.10408542941786683,0.755132356639839,0.47626959055073426,0.5467421910963514,0.30008808918669133,3.785810579301262,61.550340212485025,0.031549099337402686,1.8372315532550187,0.7938714598359737
153,0.30578146771973075,0.30578146771973075,0.16315689466557753,0.6623429003551137,nan,nan,nan,nan,nan,0.2518404722148136,0.002666459951313713,0.8747755028735632,0.2016343764810129,0.00905443142124415,0.6830842391304348,0.29601976993756646,0.10526331674559095,0.7729109029175051,0.47363125224553004,0.5356433705441613,0.31860095649895176,9.845656068116943,111.92329954089617,0.21000498967427775,2.409249835069502,2.0670688654591256
10,0.3084886970654641,0.3084886970654641,0.16683481622579152,0.6626233991646454,nan,nan,nan,nan,nan,0.23295991875780717,0.005160888176638815,0.802457495210728,0.23039883855467538,0.011366118541762884,0.7779806385869565,0.30840560761577285,0.12198729231198135,0.7744513958752515,0.4621904233336011,0.528824965872783,0.29560406698564595,2.636387894231981,95.69120746396129,0.1284373937298058,0.1474861474048128,0.2929946825169405
164,0.30928989739794044,0.30928989739794044,0.16453081168525702,0.6711876116796489,nan,nan,nan,nan,nan,0.24787068189919828,0.006813015961559521,0.850514846743295,0.4683532526271457,0.35416602106930833,0.7538213315217391,0.29054128089954145,0.12787826609638012,0.6971988179074446,0.23039437416587627,0.16926594361378014,0.3832154505461165,5.6273568050207405,24.637002585169817,0.03216126537568724,2.935020110740793,0.8846485205136413
56,0.3101068616402297,0.3101068616402297,0.17599703111003964,0.6453814379657048,nan,nan,nan,nan,nan,0.2475023160534769,0.0016217769576262037,0.8622036637931034,0.2005402531337866,0.010121164169909939,0.6765879755434783,0.2680342632123779,0.08143509123374759,0.7345321931589537,0.5243506141612775,0.6108100920788748,0.30820191936728397,7.674349488333156,118.00483612174685,0.14049944989298593,4.382277464695278,0.5431566966642765
91,0.3136379908322381,0.3136379908322381,0.17625264029589993,0.6571013671730835,nan,nan,nan,nan,nan,0.23566091347187076,0.004218861236098005,0.8142660440613027,0.2185979117233691,0.013034359021412381,0.7325067934782609,0.2977249015917383,0.12843772440147183,0.7209428445674044,0.5025682365419742,0.5593196165246175,0.3606897865853659,8.684692882752136,88.85528616556269,0.1955291460790971,2.268621064152453,2.33369871788821
19,0.31424571476267915,0.31424571476267915,0.15641357686134122,0.7088260595160237,nan,nan,nan,nan,nan,0.26209854090854656,0.0014207158926547443,0.9137931034482759,0.28527576799610393,0.006672080629328124,0.9817849864130435,0.28464687563965135,0.14341571140859033,0.6377247862173038,0.4249616745064147,0.47414579951479163,0.30200136198547217,7.139909964892864,1.9220710203194862,0.24987997400865258,1.7107428176940735,1.4274279037215427
154,0.3177873645670817,0.3177873645670817,0.1876330634133131,0.6431731174515031,nan,nan,nan,nan,nan,0.2612342091147499,0.0034374234119908032,0.9057261733716475,0.19762665543789182,0.006959246960874571,0.6742951766304348,0.3020240725077679,0.13783307273823922,0.7125015719315896,0.5102645212079171,0.6023025105421478,0.28016954787234044,7.686820655142995,105.77230758273083,0.18773468361934664,3.5904511777555443,2.0332729576033692
89,0.3203135669244689,0.3203135669244689,0.18274871092554537,0.6642257069217776,nan,nan,nan,nan,nan,0.2391947514784248,0.0016291175870360535,0.8331088362068966,0.23730027376180987,0.020111008266533798,0.7802734375,0.281284669543965,0.1036639800174866,0.725336393360161,0.5234745729136758,0.605590737831125,0.3181841606200528,8.713846809442499,4.30887554785483,0.19549103779703636,2.383722651291203,2.3964894684723497
85,0.32131110245711986,0.32131110245711986,0.19007124565247233,0.6494107444687385,nan,nan,nan,nan,nan,0.2582594021263193,0.006474561444279869,0.8877215038314177,0.20349141021545164,0.009921941692936604,0.6874150815217391,0.319499169773274,0.1652754473405313,0.7050584758551308,0.5039944277134345,0.5786130321321415,0.31744791666666666,6.034464095354691,39.59901609516217,0.19474391371373836,1.3186704164753016,2.3413060013847335
72,0.3213120450837226,0.3213120450837226,0.18133536859676705,0.6712537363011113,nan,nan,nan,nan,nan,0.26867009945803544,0.004999489815962198,0.9278466235632183,0.22522523107687473,0.013599970246754963,0.754288383152174,0.34203497420616197,0.204072178174341,0.6869419642857143,0.44931787559381814,0.50266983615001,0.3159379742033384,7.97380097136386,0.730578364730824,0.16380506144070286,3.690086349355922,1.8549457612730085
189,0.32336039718178716,0.32336039718178716,0.19262413437563344,0.6502010541971714,nan,nan,nan,nan,nan,0.24624014226362304,0.0060029616211794866,0.8468330938697318,0.24514934974722988,0.02152091029829567,0.8042204483695652,0.2930141274447168,0.14649367178276446,0.6593152665995976,0.509037969271579,0.5964789938002941,0.2904354079497908,8.54836186271833,59.82987339953396,0.20418085405440667,3.9921418292186113,1.1847204642206803
101,0.326994089111735,0.326994089111735,0.1934831419674081,0.660771456972552,nan,nan,nan,nan,nan,0.25053978248033176,0.008478396621889697,0.8556932471264368,0.19537357387726223,0.006556291471645395,0.6674167798913043,0.30348748670271847,0.14319234053873534,0.704225352112676,0.5585755133866274,0.6157055392373619,0.4157504487597911,4.52467661248787,90.25562437992298,0.05710582392755248,4.824330988966113,3.0971160921026955
63,0.32707932030658976,0.3270793203065897,0.1982959357912142,0.6490377815950285,nan,nan,nan,nan,nan,0.2330229685772957,0.007392357157639272,0.7970994971264368,0.5774338401143272,0.534188626160058,0.685546875,0.3017356109079204,0.132458778812336,0.7249276911468813,0.1961248616268157,0.11914398103482346,0.38857706310679613,9.495797206959946,228.05775033926662,0.11740159565447356,4.3423955468605815,2.6763799324403426
186,0.3279465520602725,0.32794655206027257,0.19118780707110805,0.6698434145331835,nan,nan,nan,nan,nan,0.23248876592551124,0.0037709102267501184,0.8042834051724138,0.2466018805513002,0.02187306755442893,0.8084239130434783,0.2847826277797147,0.11151006520950793,0.7179640342052314,0.547912933984564,0.6275971852937452,0.3487023057116105,8.043308852831775,62.69324280306685,0.1994074263513959,4.2713794785085035,1.0661673492441424
34,0.32810930685579487,0.32810930685579487,0.1948146707597358,0.6613458970959425,nan,nan,nan,nan,nan,0.24827866276379937,0.0033671872562922546,0.8605573515325671,0.21991162493759078,0.009676546651757496,0.745499320652174,0.26326473035117176,0.08400384683771683,0.7114169391348089,0.5809822093706176,0.6822111022931766,0.3279099770642202,8.402281380885945,5.917043674603839,0.18079885512066443,4.903208191511627,0.8615539875014814
191,0.32822610962639664,0.32822610962639664,0.19627085062441668,0.6581142571313464,nan,nan,nan,nan,nan,0.24859632098303028,0.0016268033992308192,0.8660201149425287,0.21611492251299694,0.013175701300804383,0.7234629755434783,0.27182151818547795,0.08938752485604733,0.7279065015090543,0.5763716768240814,0.6808933729415843,0.3150674365303244,7.443930725074019,5.252731587941134,0.20603101234415722,4.429813190838402,0.6335604698946447
48,0.32970960376309183,0.32970960376309183,0.19391030666358608,0.669207846511856,nan,nan,nan,nan,nan,0.2518113387920964,0.0042121195196628426,0.8708093869731801,0.20928936651560087,0.01039641746966724,0.7065217391304348,0.3276960940555004,0.14610476306603043,0.7816744215291751,0.5300416156891696,0.6149279265989838,0.31782583841463413,9.323548768090351,68.07281505636676,0.20568820720718947,4.492168708010316,2.0451124306991244
49,0.3304517782339272,0.33045177823392713,0.17133419363436336,0.7282457397328366,nan,nan,nan,nan,nan,0.24999804883807483,0.004080122779434961,0.8647928639846744,0.27322174630066204,0.005744140473100736,0.9419157608695652,0.2815430464144739,0.1084711301714103,0.7142228370221329,0.5170442713824979,0.5670413811135074,0.39205149705497383,7.707692464795214,2.5507022461915385,0.15504610287889037,4.485272140872258,2.121980144212708
109,0.3304767661159297,0.33047676611592963,0.1911829017239904,0.6787114270957776,nan,nan,nan,nan,nan,0.2376396789998407,0.003409152132343969,0.8232159961685823,0.2429733078073447,0.01903491353897816,0.8028192934782609,0.3246419846239115,0.14492257123001523,0.7739405181086519,0.5166520930326217,0.5973649699946243,0.31486990062761505,8.981079698249776,141.51869211043402,0.17455619186370963,3.9343314105582996,0.6784642139524616
150,0.3321252764779061,0.3321252764779061,0.1997127740688469,0.663156532500554,nan,nan,nan,nan,nan,0.23397873626315177,0.003198822722435442,0.8109285201149425,0.20385411086939054,0.009665456304103249,0.6893257472826086,0.4002229512588501,0.24124774544448266,0.7976609657947686,0.4904453075202319,0.5447390718043663,0.3547108968098958,9.83501844463667,102.20631990328341,0.022527502748428838,2.462671561549142,1.283745390703261
50,0.33220713534858626,0.33220713534858626,0.2089103888645494,0.6404490015586782,nan,nan,nan,nan,nan,0.23976463184304184,0.0031513274921359247,0.8312978927203065,0.21567849200108638,0.013532769236303524,0.7210427989130435,0.3138513754059032,0.1638103108801356,0.688954036720322,0.5595340421443136,0.6551471478496226,0.3205012778810409,9.906939566320741,75.61191047870963,0.207115865621483,4.523546416063675,2.052865550846631
62,0.3332519139489434,0.3332519139489434,0.18837508446829007,0.6954439876505765,nan,nan,nan,nan,nan,0.2577649460360896,0.004770589201483297,0.8902508381226054,0.5994283540096293,0.556862739091742,0.7058423913043478,0.32459309013558924,0.13267164912745066,0.8043966926559356,0.1512212656144652,0.05919536045248426,0.38128602851941745,9.46308505570132,179.65988564118365,0.13244022260054586,4.287755708354787,3.4344383040969673
149,0.3333752805295704,0.3333752805295704,0.19328867725473625,0.6835917887166555,nan,nan,nan,nan,nan,0.2424188318434021,0.003580569561605857,0.8395144875478927,0.24626659191505126,0.010805837376723894,0.8349184782608695,0.34604547678839237,0.20979062927437298,0.6866825955734407,0.4987702215714358,0.5489776728062423,0.3732515934844193,9.943769673114517,250.0537500131771,0.021302042593302824,2.3878663131239968,1.264608413409889
167,0.3365809884252054,0.3365809884252054,0.20106737824491622,0.6753650138759282,nan,nan,nan,nan,nan,0.2603409920223698,0.0074251857661836035,0.8926305076628352,0.20343731602336443,0.008980041345753642,0.6895805027173914,0.31681133146637186,0.12289011455593868,0.8016143737424547,0.5657343141887154,0.6649741713117889,0.31763467138103163,3.7701369203064705,53.88661134835082,0.03331132327683306,1.8686574013462467,0.8604983249891835
145,0.33704500042091323,0.33704500042091323,0.19608090311599125,0.6894552436832182,nan,nan,nan,nan,nan,0.24682662361105506,0.007356842020994304,0.8455010775862069,0.24972646265593357,0.020540960761785233,0.8226902173913043,0.32079435640498327,0.14637379413800272,0.7568457620724346,0.530832559011681,0.6100520155431827,0.3327839176829268,9.738030370734222,36.745708927369215,0.2214731631750164,4.9040293120984995,1.2702871343030546
29,0.34009143293390864,0.34009143293390864,0.19670705564309632,0.6985523761609393,nan,nan,nan,nan,nan,0.25963298027140913,0.0033269290849536454,0.9003981082375478,0.2328372382071497,0.0189578671856617,0.7675356657608695,0.2959671805767484,0.10377495320986221,0.7764477489939637,0.5719283326803273,0.6607684730919077,0.34982798165137613,8.236352180215475,45.257635310568006,0.17875804219125346,4.84374220142625,1.1317288066170375
161,0.3411982855448137,0.3411982855448137,0.21884677187001697,0.6470770697318055,nan,nan,nan,nan,nan,0.24125130504928505,0.004634010977044951,0.8327945402298851,0.19137280092426004,0.00671268216352926,0.6530230978260869,0.3264920875984144,0.15145511982087873,0.7640845070422535,0.6056769486072954,0.712585274518615,0.33840613382899626,5.619209845700944,75.11679723890333,0.028718768027656733,2.514028956590213,0.7812680183210354
159,0.34231271179637157,0.34231271179637157,0.21706850362837518,0.6554232322163626,nan,nan,nan,nan,nan,0.23853127620081407,0.00425030009110134,0.8242337164750958,0.22249300839762542,0.0158889889305886,0.7390030570652174,0.3803741571700532,0.23589089750286307,0.7415823063380281,0.5278524054169937,0.6122438279889477,0.31687384898710863,8.87288456931488,75.9640501202271,0.2099834676241465,2.478013279789155,0.4007004103019781
106,0.3430250492608882,0.3430250492608882,0.21472092220984787,0.6637853668884891,nan,nan,nan,nan,nan,0.2639008166493195,0.0014774268339515317,0.9199592911877394,0.1817349007851849,0.00442886109925881,0.625,0.305219692461664,0.12761881190105795,0.7492218938631791,0.6212447871473845,0.7253585890051232,0.3609602825030377,1.5303040144921054,146.87110468641245,0.18470865387218974,4.800318331427416,0.6843539498846419
21,0.3435887697719544,0.3435887697719544,0.22009456919132864,0.6523242712235187,nan,nan,nan,nan,nan,0.25657058209816397,0.004708872408693843,0.8862248563218391,0.19692816005576325,0.0059813534258945774,0.6742951766304348,0.28791673406391255,0.10105563593897453,0.7550694793762576,0.6329396028699777,0.7686324149917516,0.2937075725655431,4.687158387841139,17.241024579728556,0.22638614768615778,3.543561780476575,1.6804784694961088
166,0.34499321810496336,0.34499321810496336,0.20049580253956908,0.7062367570184489,nan,nan,nan,nan,nan,0.23811513960627284,0.006217996215065457,0.8178579980842912,0.2542235443143534,0.008953043561833794,0.8673997961956522,0.2965988514082769,0.10440778331967618,0.7770765216297787,0.5910353370909502,0.6824043870617009,0.36261271216407354,4.412582919321607,14.42261380730285,0.03648432797007638,1.8102427444401,0.8723045482583401
13,0.3483361494326983,0.3483361494326983,0.1973972137019338,0.7256834887596095,nan,nan,nan,nan,nan,0.27557319645392636,0.001319716414807226,0.9612068965517241,0.26513481695562985,0.00710926004222953,0.9101987092391305,0.2811988971495064,0.1406477719046812,0.6325767102615694,0.5714376871717307,0.6405121064460173,0.398751638986014,4.176203842921101,0.28187258990396846,0.22459781005822857,0.5302731349426709,3.141424574519399
93,0.35149539078927394,0.35149539078927394,0.2345694979527222,0.6438101228806532,nan,nan,nan,nan,nan,0.24430907058180282,0.005556405711075652,0.8411907327586207,0.2202334493347148,0.01022900298164413,0.7452445652173914,0.32121739619545575,0.18674535064949307,0.6573975100603622,0.6202216470451224,0.7357472324686759,0.33140768348623856,7.405438370991982,8.630287850349312,0.19263961708345884,2.193987269883199,2.3425344384473212
52,0.3555214160987883,0.35552141609878823,0.24065068657024513,0.6426982399201462,nan,nan,nan,nan,nan,0.22726321142437117,0.002926637756571722,0.7881046455938697,0.635687718605803,0.5998303332220373,0.7253311820652174,0.3701066728892827,0.23935469918785293,0.6969866071428571,0.18902806147569634,0.12049107611451855,0.3603705248786408,9.885683273260412,111.39538927081593,0.15269883199884038,3.77609004085268,0.5036470165993028
155,0.3624472591739496,0.3624472591739496,0.22760690171147954,0.6995481528301246,nan,nan,nan,nan,nan,0.25942928753496863,0.012309000633247209,0.877230004789272,0.2089550779891021,0.01048887548909073,0.7051205842391305,0.2964484610147358,0.07841127097394998,0.8415414361167002,0.6849562101569919,0.8092184597496302,0.37430058617539586,9.71821055609851,79.2251849106182,0.020069299827324253,2.0081904975891427,0.9773603398044202
33,0.3633262681228736,0.3633262681228736,0.23935906174746918,0.6732442840613845,nan,nan,nan,nan,nan,0.2453743362292368,0.0041143484987092305,0.8485243055555556,0.25182589730304583,0.019811691006872825,0.8318614130434783,0.3140695107039424,0.1433033260519177,0.7409849723340041,0.6420353282552693,0.7902068814323769,0.2716064453125,8.442276969670813,382.561209395219,0.18560355535495887,4.999505939952943,0.8487352390023661
18,0.36372941327595654,0.36372941327595654,0.20957055940285566,0.7491265479587085,nan,nan,nan,nan,nan,0.28183493262724424,0.004961625984655294,0.9740181992337165,0.2692229808396823,0.008756602523381275,0.9203889266304348,0.2776746686021404,0.1080258489202601,0.701796717806841,0.6261850710347592,0.716538160183126,0.4003023481638418,2.9054688707078142,0.15789823167292105,0.24639113978013913,2.577671747220606,0.19138436499126776
139,0.3721774594442294,0.3721774594442294,0.2586637941111458,0.6559616227769384,nan,nan,nan,nan,nan,0.24615869268985077,0.001644439880733602,0.8574443247126436,0.21704911995652199,0.014177871200000285,0.724227241847826,0.2949371007706907,0.14135447126005346,0.6788936745472837,0.7305649243598543,0.877478394103796,0.36328125,9.330331082591552,10.830943975710538,0.2021180969974164,4.921255697857968,2.2331729366649182
168,0.3788077628557073,0.3788077628557073,0.26125183327706003,0.6726975868023253,nan,nan,nan,nan,nan,0.24089284507013833,0.004724839420032701,0.8313128591954023,0.2363805831066718,0.011129827218905649,0.7995074728260869,0.283029132365185,0.11942992012011211,0.6920271629778671,0.7549284908808339,0.9097227463491896,0.36794285220994477,4.502060281967509,14.964048850013704,0.03275614500365203,1.8348543739332888,0.8641925783141794
38,0.3790743429273704,0.3790743429273704,0.24357522215422545,0.7178221448602328,nan,nan,nan,nan,nan,0.24542630081776048,0.011221342217661584,0.8309386973180076,0.25557643993673324,0.011815168085339495,0.8649796195652174,0.33602277043443257,0.14794382528828603,0.8062201332997988,0.6792718605205555,0.8033205530256147,0.3691501292579075,8.805973702659903,8.126984350320205,0.0806344951711294,4.037442115599124,0.8844152777648518
151,0.40657655654101943,0.40657655654101943,0.29967250980950544,0.673836673369804,nan,nan,nan,nan,nan,0.24128024221096173,0.0033814195551165284,0.8360272988505747,0.48436870305287066,0.3776066734044536,0.7512737771739131,0.2976299430962871,0.09749492335291046,0.7979674924547284,0.6030273378039581,0.7202070229255413,0.310078125,9.997714134847133,33.54549377499483,0.020260679912075426,2.46304327848531,1.5225381204621464
