trial,original_score,new_score,phys_score,patch_ratio,error_vx,error_vy,error_Bx,error_By,error_Jz,new_loss_ot,phys_ot,patch_ot,new_loss_rotor,phys_rotor,patch_rotor,param_beta,param_threshold_amr,param_gamma_hydro,param_gamma_mag,param_kappa,param_w_z_frac,param_beta_grad,param_beta_curl,param_beta_xpoint
123,0.18811205129541075,0.18811205129541075,0.06369370775641658,0.49915791014289623,nan,nan,nan,nan,nan,0.22734897292443332,0.0544901466012489,0.6594960387323944,0.14887512966638822,0.07289726891158427,0.33881978155339804,1.7709997543745462,0.13481085527230813,1.2497418135304397,3.400463206235539,5.4447032809956415,0.07230132354812575,0.6698223307332885,1.25686575637166,0.17668125552015015
130,0.18905514315970678,0.18905514315970678,0.06727745570222735,0.49349936180340537,nan,nan,nan,nan,nan,0.2538857213160039,0.09070157925890444,0.6618460764587525,0.1242245650034097,0.04385333214555025,0.32515264714805825,1.7743022997709772,0.13441121611649756,1.301518429138376,3.0062851639165857,6.955411338572091,0.20987850457955712,0.8556072195114737,1.4631737607056678,0.24580254229724313
102,0.1995094331128206,0.1995094331128206,0.07711263948584243,0.5055014171802661,nan,nan,nan,nan,nan,0.256339200547057,0.09120008197312332,0.6691869969818913,0.1426796656785842,0.06302519699856153,0.3418158373786408,1.7920311427835551,0.12131034241399906,1.1303141494261375,0.6003010209163409,8.36249612758939,0.08201731897218283,0.7762131631362897,0.24606907916487988,0.3226178376118616
97,0.20007798860617398,0.20007798860617398,0.07075658979684638,0.5233814856294929,nan,nan,nan,nan,nan,0.24410955450279018,0.0777034517566225,0.6601248113682092,0.1560464227095578,0.06380972783707024,0.3866381598907767,0.7136667242004338,0.12268737676545537,1.5550781477524749,3.0443384187418783,8.329419791575969,0.10020400107204505,0.21770497103014722,0.15006324982043845,0.30723194747461124
104,0.201510225997989,0.201510225997989,0.08883472264840553,0.48319898437194775,nan,nan,nan,nan,nan,0.24494029577949933,0.08757499055005154,0.6383535588531187,0.15808015621647872,0.0900944547467595,0.3280444098907767,0.9376855487309009,0.12170714737937137,1.3693469949532693,0.9178103100139207,9.32280100810097,0.06670238557655042,0.6362272106875343,0.24993752143130524,0.310966922638322
94,0.20183650719682772,0.20183650719682772,0.0624440121573456,0.550317744795533,nan,nan,nan,nan,nan,0.23131205935918364,0.028206852921770532,0.7390750754527163,0.1723609550344718,0.09668117139292068,0.3615604141383495,1.7889256142025483,0.10290833980441412,1.5167352077993104,3.035041499716522,6.588568962721605,0.27447477769654216,0.4986346852262402,1.9636826152675086,0.4655419232560337
77,0.2019399161540769,0.2019399161540769,0.0569375666336502,0.5644457899551435,nan,nan,nan,nan,nan,0.23942830300059,0.04393956383865293,0.7281501509054326,0.16445152930756377,0.06993556942864747,0.4007414290048544,1.2603290241999836,0.10328780971991533,3.1658306811116037,2.63617243145581,9.930619540524093,0.07772773598732421,0.4655951404639107,0.16877066466113821,0.41740342270540004
90,0.2068412636201602,0.2068412636201602,0.0684260846138035,0.5528792111360518,nan,nan,nan,nan,nan,0.2613988393845437,0.07693360149650999,0.7225619341046278,0.15228368785577664,0.05991856773109701,0.3831964881674757,0.936760151818652,0.10190472674804363,1.456939245151822,0.8842470622080575,9.301928799233071,0.08152415503570883,0.5613322487050202,0.15019789850765897,0.31347849430045543
143,0.20843675280209267,0.20843675280209267,0.06396658014445795,0.5696121844461794,nan,nan,nan,nan,nan,0.2559727800789499,0.060361389092421225,0.7450012575452716,0.16090072552523546,0.06757177119649468,0.3942231113470874,2.037301796994983,0.10713794291393683,1.486860874596544,1.0854342812990536,5.943407152617834,0.08441394390303408,0.8526911823784389,1.3614762915836083,0.3565069176621348
111,0.2093698156749409,0.2093698156749409,0.09400973490693691,0.49777001759495076,nan,nan,nan,nan,nan,0.2485469780301031,0.08157052276327104,0.6659881161971831,0.1701926533197787,0.10644894705060279,0.32955191899271846,1.0951295878304272,0.11839433934093058,1.324498988400562,3.1480274030204787,6.3911507619102075,0.278997053332599,0.5170655542200284,1.9893805340306214,0.19592759808837218
96,0.2113446068063569,0.2113446068063569,0.11616400307957261,0.44929611612331755,nan,nan,nan,nan,nan,0.2828143353137806,0.16576212678335725,0.575444856639839,0.1398748782989332,0.06656587937578798,0.32314737560679613,0.8637728834745703,0.1518902230066067,1.5194859977975688,2.957073767932071,6.327961875582885,0.2527415594844899,0.40580943868986835,1.9594204881553987,0.3094632889526737
89,0.2134493970803962,0.2134493970803962,0.07732920085758899,0.5537498876374143,nan,nan,nan,nan,nan,0.2686733630327112,0.08639484607275749,0.7243696554325956,0.15822543112808118,0.06826355564242047,0.383130119842233,1.1595961894517897,0.10393855359716314,1.4348513594083463,0.8111359185132411,9.400222138087303,0.10016926417608298,0.5124598402465421,0.15099857898285698,0.23497758902490196
27,0.21576860528349323,0.21576860528349323,0.10494199345247156,0.49283513486104735,nan,nan,nan,nan,nan,0.25119999823548456,0.09431078223792781,0.6434230382293763,0.18033721233150193,0.1155732046670153,0.34224723149271846,1.4453267643415315,0.15798616694209966,2.9101230886177563,1.5865784492096215,10.611206813016242,0.09877104573428215,0.2776520426689031,0.16041995057723016,0.8568232824443194
72,0.2161909917253446,0.2161909917253446,0.10198427921721026,0.5017077729956804,nan,nan,nan,nan,nan,0.255037060388175,0.09364645194787152,0.6585135814889336,0.1773449230625142,0.11032210648654898,0.34490196450242716,1.5771858031984227,0.12378656904886408,2.404753384443878,2.197265084425963,9.590427971049978,0.092247398267242,0.23456634285103042,0.13251316466120883,0.22757888914996627
92,0.21645812346854554,0.21645812346854554,0.10126040679564552,0.5044524151507955,nan,nan,nan,nan,nan,0.26889452660713364,0.12023377588177779,0.6405464034205232,0.16402172032995746,0.08228703770951326,0.36835842688106796,0.9230972795135634,0.10164625333998262,1.5458922677135476,0.7633107901771548,12.84109147384206,0.17910086913990264,0.5471925600080972,0.16490199055384167,0.31670628476482654
66,0.21971736266924505,0.21971736266924505,0.0734381361778555,0.5854154288977188,nan,nan,nan,nan,nan,0.2715747514203394,0.0735019356906884,0.7667567907444668,0.16785997391815072,0.07337433666502259,0.4040740670509709,1.6551739897916873,0.10006497979867336,2.952461368508807,2.1253093302742205,9.740504025098213,0.09391487959350327,0.23644438439018442,0.1303406172799029,0.4233703721758968
91,0.2215797535481604,0.2215797535481604,0.09151125475058955,0.5467510005420875,nan,nan,nan,nan,nan,0.2534224499044152,0.06717825079173459,0.7190329476861167,0.18973705719190556,0.11584425870944451,0.37446905339805825,0.9078282765512239,0.10373751672683018,1.4938759212071604,0.8608684242293563,9.263634918784978,0.08135673716149149,0.57304119918146,0.16769584282429087,0.3102427017990027
137,0.22217542450285266,0.22217542450285266,0.10592158568919814,0.512810021536989,nan,nan,nan,nan,nan,0.2755253740992256,0.11388253078116932,0.6796324823943662,0.16882547490647973,0.09796064059722696,0.34598756067961167,1.5062059794231044,0.13159660008325574,1.612165539013695,3.3358760215731764,7.232174381662533,0.41847085117139493,0.6961908045789533,0.8361312495331639,0.2721227604155549
25,0.22393144946527843,0.22393144946527843,0.10144393354364815,0.530150239269354,nan,nan,nan,nan,nan,0.2780789720884374,0.11287695931415435,0.6910840040241448,0.16978392684211943,0.09001090777314195,0.36921647451456313,1.587248823681786,0.11756643954368445,1.1727437134734175,1.3079063079013182,10.843487167588776,0.10178188749812621,0.245600793240554,0.16790267133471531,0.11894243533718278
100,0.22705660041540193,0.22705660041540193,0.11005147147908373,0.5195694227561973,nan,nan,nan,nan,nan,0.2718209755425972,0.11496209211778492,0.6639681841046278,0.18229222528820668,0.10514085084038254,0.375170661407767,0.6716375858993123,0.12235299078520706,1.9360989724307067,1.8654146563346126,8.31771322579048,0.06722308834260388,0.4113939366741271,0.1508354239489873,0.22942279389617823
108,0.22907962511299734,0.22907962511299734,0.10263235228686635,0.5451978071783248,nan,nan,nan,nan,nan,0.25643122851718075,0.0860755257590631,0.6823204854124748,0.20172802170881396,0.11918917881466959,0.40807512894417475,0.6808937432069667,0.11862940084822898,1.7575144145847836,3.2113902869964783,6.48796054433881,0.26207775016018886,0.7901507570572875,1.9726396918089284,0.32330957478008154
129,0.23167666225515582,0.23167666225515582,0.13794599860031842,0.4660033213922491,nan,nan,nan,nan,nan,0.24588276436815995,0.09743632283172163,0.6169988682092555,0.21747056014215166,0.1784556743689152,0.3150077745752427,0.9856995117924706,0.16933297537759776,1.2932992257425229,3.0157960686230223,5.092353854029136,0.07068334666481271,0.8909562198976307,1.508925572426841,0.2910751739800118
76,0.24127277529289884,0.24127277529289884,0.13233873462122342,0.5136078769720873,nan,nan,nan,nan,nan,0.2688496666775173,0.10920203334852421,0.66796875,0.21369588390828037,0.1554754358939226,0.35924700394417475,1.2901382629228924,0.1323666520057019,1.585274814218069,2.5667704853907773,9.829514374833023,0.0780854289826384,0.4316876447207754,0.17476442176607596,0.4227329500471051
136,0.24226108152422177,0.24226108152422177,0.1268514904285716,0.5307850592633471,nan,nan,nan,nan,nan,0.26226878671229464,0.09031827825837946,0.6921450578470825,0.2222533763361489,0.16338470259876375,0.36942506067961167,1.5152006943181384,0.13435663829739183,1.6129908232754533,3.308587956063102,7.2691916759488775,0.06791462156636313,0.7080278493580422,1.6941571978409296,0.2093138980138772
84,0.24439268208398013,0.24439268208398013,0.17249208270102045,0.42414418054137937,nan,nan,nan,nan,nan,0.2804921780680669,0.18031165995927761,0.5309434733400402,0.2082931860998933,0.16467250544276327,0.31734488774271846,0.9054646268326954,0.17765367634001927,1.6784164554563146,2.6578940594693834,7.743081557524816,0.10345175222493722,0.30421121467338536,0.12683724802745303,0.23320187312698426
128,0.24572358780059006,0.24572358780059006,0.1623715222938848,0.45410375156735316,nan,nan,nan,nan,nan,0.2685616170895932,0.13990100235601396,0.5902131539235412,0.22288555851158692,0.18484204223175565,0.31799434921116504,1.799083447590833,0.16467918680671642,1.2659485532949506,3.364308650054612,9.496263248038542,0.3363403405789674,0.7037954652346873,1.5133227717585422,0.24384089867182007
75,0.24755281332126905,0.24755281332126905,0.14840459987745824,0.4954233469307959,nan,nan,nan,nan,nan,0.30307375280645865,0.16138197626304612,0.65730319416499,0.19203187383607942,0.1354272234918704,0.33354349969660196,1.1963512181837792,0.14325765233845075,1.4494629365911909,2.6389860624596753,9.916201884673326,0.09668182002295293,0.23222333672385925,0.1152825709843913,0.29822756181089255
81,0.2520250173567534,0.2520250173567534,0.16824999210995856,0.4614625804737405,nan,nan,nan,nan,nan,0.25391602757800075,0.11336410359914066,0.6052958375251509,0.25013400713550604,0.22313588062077644,0.3176293234223301,1.3281081147432185,0.17361056888855786,1.6779038230933425,2.5981611122077846,7.515597618562936,0.1755756770988018,0.442131410121229,0.10769889739405036,0.26161748472339164
22,0.25665468586802975,0.25665468586802975,0.14592860009713005,0.533469900295279,nan,nan,nan,nan,nan,0.26106077841580494,0.07349565316240855,0.7299735915492958,0.2522485933202546,0.21836154703185157,0.3369662090412621,1.648291316137727,0.11196591588032323,3.002985268742768,2.3050189354101556,10.518430754715412,0.08010351462196566,0.14124939929268204,0.14365455028971083,0.10161770100793784
115,0.2601686457344248,0.2601686457344248,0.1752469334922362,0.4724729263398962,nan,nan,nan,nan,nan,0.33957897308933915,0.22696991846189568,0.6211016096579477,0.18075831837951042,0.12352394852257668,0.32384424302184467,1.116080408657181,0.16426794890361976,1.3564201366721056,0.9215676221400729,5.485207883157721,0.3161545239207783,0.6203599748780664,1.8777643187094377,0.5467754403456689
125,0.260901364444692,0.260901364444692,0.16268130981185203,0.5064515010267918,nan,nan,nan,nan,nan,0.29180736607985297,0.14476019178744806,0.6594253018108652,0.22999536280953098,0.180602427836256,0.35347770024271846,1.7852375344175964,0.13830520721538458,1.248843548176653,0.41010950238967264,5.296786774014636,0.13130598124868942,1.1026819008873217,1.5052298083557976,0.2402320815932471
144,0.26133906187993006,0.26133906187993006,0.15364410120795058,0.5305764635598788,nan,nan,nan,nan,nan,0.24626273538179272,0.08064873999728646,0.6602977238430584,0.2764153883780674,0.2266394624186147,0.40085520327669905,2.0995290216501665,0.11378112623095796,0.9876972926524537,0.5934528629754323,5.948001669765928,0.0814452092872225,0.3957799242567289,0.18729980169186203,0.2107273693629988
120,0.26145541850526227,0.26145541850526227,0.1798938633627548,0.46535930636153083,nan,nan,nan,nan,nan,0.24052186533722555,0.09568747766929882,0.6026078345070423,0.28238897167329896,0.2641002490562108,0.3281107782160194,0.8214789732170741,0.14928414694297687,1.7748786214322085,0.4120294747814147,5.4860540812831635,0.3036664671028911,0.6309052718566801,0.535609783095671,0.3300972689915556
21,0.26228459452956865,0.26228459452956865,0.17233631172632216,0.4871553015376849,nan,nan,nan,nan,nan,0.2877787871035075,0.15744890355456845,0.6136034959758552,0.2367904019556298,0.18722371989807587,0.3607071070995146,1.6723317326638227,0.14124098267852345,2.8547769068354176,2.200306565030231,10.458577908231703,0.09465408190667277,0.11643104915059502,0.18249553481584987,0.9086683307005725
67,0.272506400755422,0.272506400755422,0.17172568044246797,0.524458201537807,nan,nan,nan,nan,nan,0.2624857977304471,0.09306487537393376,0.6860381036217303,0.28252700378039686,0.2503864855110022,0.3628782994538835,1.6262849561532098,0.12186640028983295,2.9745306048732147,2.253525466456995,9.839675530141196,0.09540945126778333,0.23577438400281428,0.13440452971258687,0.4287623983571733
26,0.27335171895234645,0.27335171895234645,0.18522333848421385,0.4936726701226778,nan,nan,nan,nan,nan,0.25465520215398363,0.09422477798539594,0.6557312625754527,0.29204823575070926,0.27622189898303173,0.3316140776699029,1.55124624241275,0.14007773125110157,1.302668170489445,1.6123187664348302,10.727601390336376,0.12356991515190413,0.27950635076970637,0.11801355120237601,0.7527653491130822
20,0.2842065441948341,0.2842065441948341,0.17033372953663933,0.568888580840321,nan,nan,nan,nan,nan,0.2715410318322868,0.08782532685896413,0.7308302942655935,0.2968720565573814,0.2528421322143145,0.40694686741504854,1.7669250460892891,0.11353715266105358,3.0036844095080317,2.2584914104325975,10.455735624313828,0.08349066146542959,0.15700340308300686,0.14489936326580824,0.5751724101367645
87,0.28517263043621277,0.28517263043621277,0.2282846849359357,0.4273924941869054,nan,nan,nan,nan,nan,0.2845211854314773,0.1716822752982332,0.5666184607645876,0.2858240754409483,0.2848870945736382,0.2881665276092233,1.4399790376882935,0.18101431147842142,1.457098598395822,0.7950201377838397,10.110183236902634,0.11354963745630628,0.5294712868209321,0.10672830071060015,0.4806818919261362
78,0.3002733250389079,0.3002733250389079,0.2415772900336065,0.4470134125521612,nan,nan,nan,nan,nan,0.26295316944704333,0.10530118772887875,0.6570831237424547,0.33759348063077244,0.37785339233833426,0.2369437013618677,1.3401120613122828,0.13514193057848256,3.254640711106908,2.4189087504517293,11.1256679452684,0.07719657845277579,0.43695929034558073,0.11380964484398567,0.2810619008042173
107,0.3023312165703961,0.3023312165703961,0.21481341815495952,0.5211257126089872,nan,nan,nan,nan,nan,0.25850365033107403,0.09546584990012333,0.6660981514084507,0.34615878280971807,0.3341609864097957,0.3761532738095238,0.6605973247029208,0.1210484915420491,1.3680796244230562,0.6370193509057034,6.434448357058049,0.2837082143461933,0.777928944545036,1.8215997470483158,0.19819326580812183
95,0.3102222198057878,0.3102222198057878,0.2151701374373047,0.5478524257269954,nan,nan,nan,nan,nan,0.263393866026854,0.0705654214919215,0.7454649773641852,0.3570505735847216,0.3597748533826879,0.35023987408980584,0.8829367511933457,0.10112815710374011,1.5670610837207972,2.073292510507723,6.95632407428249,0.10005307979145288,0.5590027192342043,0.17030378167868335,0.4722041072271569
126,0.3104136233661133,0.3104136233661133,0.24594861543918528,0.4715761431834331,nan,nan,nan,nan,nan,0.3084122537733591,0.18489586755634457,0.6172032193158954,0.31241499295886743,0.307001363322026,0.3259490670509709,1.7790169341218314,0.1653608984794423,1.2822496979825475,0.4347733208988614,5.573670613458507,0.0719851286332846,0.9336308433816817,1.480089290792532,0.2962449687133506
98,0.31233693966410525,0.31233693966410525,0.24623034251923284,0.47760343252628634,nan,nan,nan,nan,nan,0.2526658564466431,0.11160128856252365,0.6053272761569416,0.3720080228815675,0.380859396475942,0.3498795888956311,0.947338605709724,0.14610784563495027,2.0871533688721997,2.700637288852419,6.748798548808906,0.09970142499383525,0.25867477902777214,0.17553678346140494,0.3813452413836919
153,0.31297066257559597,0.31297066257559597,0.26803304780596227,0.4253146994996801,nan,nan,nan,nan,nan,0.257464185916625,0.12755561984061908,0.5822356011066399,0.36847713923456693,0.4085104757713055,0.26839379789272033,0.7645386428219909,0.12231889600513188,1.5293517447011395,0.8442014231312692,13.632643432895396,0.08476421095777946,1.027197705551252,0.147805057511396,0.405594835867545
140,0.3130748333761135,0.3130748333761135,0.22471908279591196,0.5339642098266175,nan,nan,nan,nan,nan,0.2610600674977475,0.07405112165982439,0.7285824320925554,0.3650895992544796,0.3753870439319995,0.33934598756067963,1.4036178206038634,0.11188836335036693,0.9734034841796111,3.097239100319282,9.126954521666315,0.46929472345453477,0.5145745850070123,0.4618709964842574,0.26668531981355587
138,0.31317952546440075,0.31317952546440075,0.23143690188433796,0.5175360844145578,nan,nan,nan,nan,nan,0.25756220587136197,0.0793119373144741,0.7031878772635815,0.3687968450574396,0.3835618664542018,0.331884291565534,1.981443585279708,0.13184526608616579,1.6333238843869569,2.872481231943562,7.331886358082325,0.06691824355984063,0.17191392244763054,0.21911065551369835,0.3641939596638055
131,0.3139844709533558,0.3139844709533558,0.23914109066124956,0.5010929216836212,nan,nan,nan,nan,nan,0.26074138704457056,0.10341193582618143,0.6540650150905433,0.367227554862141,0.3748702454963177,0.34812082827669905,0.981668697682059,0.13801801154376436,1.2586510619898856,3.014386498636156,7.269135613618395,0.4929813260788124,0.9448475734635411,0.22358389214885208,0.3575106733749061
149,0.31977954624392263,0.31977954624392263,0.2325737528199625,0.537794029803823,nan,nan,nan,nan,nan,0.2536907565795747,0.06373094251120334,0.728590291750503,0.3858683359082706,0.40141656312872165,0.34699776785714287,2.114459546834232,0.10909323253038532,3.1471732725119477,1.1435469997660201,9.038575358755258,0.0834374555456412,0.20870906505436856,1.3542299862872769,0.44182897507682856
68,0.33418683562101503,0.33418683562101503,0.2719800989788603,0.48970367722640185,nan,nan,nan,nan,nan,0.27511447699565605,0.10868265209975347,0.6911940392354124,0.393259194246374,0.4352775458579671,0.2882133152173913,1.6261279569092502,0.12880233793318518,2.3465048648392526,2.176303890124757,11.078631904203265,0.09282972112570254,0.24735083287692824,0.13364878737858513,0.1909561900216225
43,0.33647074107236463,0.33647074107236463,0.3158193093413539,0.38809932039989126,nan,nan,nan,nan,nan,0.31743204145963266,0.23104658339559836,0.5333956866197183,0.35550944068509654,0.4005920352871094,0.2428029541800643,1.026152917910815,0.21626907393503456,2.6469501700472895,1.3008172921756609,9.078468202821782,0.14219184721298794,0.19361538492627087,0.2762917066421981,0.1499925950010403
93,0.33719941302405754,0.33719941302405754,0.2607008387523481,0.5284458487033311,nan,nan,nan,nan,nan,0.24945250163169225,0.0736990455439264,0.6888361418511066,0.4249463244164229,0.4477026319607698,0.3680555555555556,0.89751640725519,0.10733307880240656,1.4413840916286078,3.013789219714913,6.038864749352553,0.2592572520576064,0.557929590646904,0.7883131560064564,0.3098752482683516
61,0.33771813989712984,0.33771813989712984,0.2607926632101064,0.5300318316146881,nan,nan,nan,nan,nan,0.27310726434645827,0.10935595479329097,0.6824855382293763,0.4023290154478014,0.4122293716269219,0.377578125,1.8484043556450986,0.16010255428439296,0.5629598065081081,2.2432066674107376,7.310978017388568,0.0843588973340702,0.15760313540670456,0.12672625631749873,0.5352200690771604
30,0.3414004196168504,0.3414004196168504,0.26865045444155045,0.5232753325551001,nan,nan,nan,nan,nan,0.26283910039433267,0.09270436831866527,0.688175930583501,0.4199617388393681,0.44459654056443565,0.35837473452669905,1.8977978798416602,0.11159863611005458,3.042228475790984,1.7072833888615953,10.46593958101962,0.08461955439038059,0.11018689107658555,0.10024106521049365,0.742190681226241
122,0.34543438287233175,0.34543438287233175,0.29645756212333135,0.46787643474483265,nan,nan,nan,nan,nan,0.24412237307005882,0.10027861606065776,0.6037317655935613,0.4467463926746047,0.4926365081860049,0.3320211038961039,1.1091149546985715,0.1441953548771189,1.2546529166902087,0.4297064571774808,5.4638475328945475,0.31111801374470965,0.6196180773499376,1.1842296370500187,0.16623361115717616
127,0.35347507470403144,0.35347507470403144,0.3157395701289035,0.4478138361418511,nan,nan,nan,nan,nan,0.2474913373572033,0.09603829986547696,0.6261239310865191,0.4594588120508596,0.5354408403923301,0.2695037411971831,1.7506527431941925,0.1651566600264867,1.2785430890963771,3.0176710447281896,8.014667437776957,0.2239706253251123,0.9116055473947281,1.6121294913830997,0.2472390429502392
101,0.3622375600180783,0.3622375600180783,0.3063191154736148,0.5020336713792369,nan,nan,nan,nan,nan,0.2567290971730412,0.08445846240040653,0.6874056841046278,0.4677460228631154,0.528179768546823,0.31666165865384616,0.7854128645096095,0.1269649346648586,1.1687810514581967,0.6696017516108188,8.350021188047743,0.08845683311684653,0.4061270492504098,0.15135266586448706,0.2146579472771179
38,0.37146444643086357,0.37146444643086357,0.3522784200441011,0.4194295123977697,nan,nan,nan,nan,nan,0.33385934853233923,0.23634486359919843,0.5776455608651911,0.4090695443293879,0.46821197648900376,0.2612134639303483,2.82625784968155,0.21347292480582997,2.6108312233109157,2.954331698624641,8.420206492583176,0.06553136830400252,0.1883998224925249,0.19506554608883092,0.1000732321922175
105,0.3745349622552803,0.3745349622552803,0.337267443713653,0.46770375860934843,nan,nan,nan,nan,nan,0.23505336349140324,0.07041650969279353,0.6466454979879276,0.5140165610191574,0.6041183777345125,0.2887620192307692,0.9439522429112694,0.11929717249633552,1.3553982593054563,0.7029945270741325,9.330334551231886,0.25104465886098487,0.7895287429216937,1.5186980330214026,0.20735143369041414
133,0.3804260570640766,0.3804260570640766,0.3448841619479658,0.46928079485435337,nan,nan,nan,nan,nan,0.2517771270191382,0.0819994214887653,0.6762213908450704,0.509074987109015,0.6077689024071663,0.26234019886363635,0.9912794714138142,0.13438270367374405,1.629912695125468,3.4142238712608677,6.897970188500328,0.20723565471908706,0.5313922479459255,0.22384294361186652,0.28952383214889277
19,0.38214419547110856,0.38214419547110856,0.3943780236516095,0.35155962501985594,nan,nan,nan,nan,nan,0.3237586726742491,0.25871674435964287,0.4863634934607646,0.440529718267968,0.5300393029435762,0.21675575657894736,0.8423537372252149,0.27074581427251604,1.5064368827685608,0.3342249669032884,14.196430367777577,0.346479101188265,0.6522429094123803,0.6650658741175576,1.9161253087557653
99,0.3823682278493354,0.3823682278493354,0.3533574213176753,0.45489524417848554,nan,nan,nan,nan,nan,0.2547170572748695,0.10028785905805673,0.6407900528169014,0.5100193984238013,0.6064269835772939,0.2690004355400697,0.7298919143511902,0.1476939456023206,2.072782145151007,2.488834903739096,8.23812682064258,0.10024288236999714,0.21522768799641567,0.400837721206625,0.38584168598458973
146,0.38526085993576464,0.38526085993576464,0.33013422252349933,0.523077453466428,nan,nan,nan,nan,nan,0.260794146188935,0.07985023524800994,0.7131539235412475,0.5097275736825944,0.5804182097989887,0.3330009833916084,2.028908167518765,0.1123959587169233,1.4225168313528693,2.8325237463258093,9.147802571807908,0.08285390173868723,0.8547896890011182,1.324212292876415,0.21277981337086957
150,0.3859722910839267,0.3859722910839267,0.33902522285954967,0.5033399616448693,nan,nan,nan,nan,nan,0.25182185677707924,0.07438787312976204,0.6954068158953722,0.5201227253907742,0.6036625725893373,0.3112731073943662,1.3717786688914453,0.1140178007110946,1.4244232111534638,3.1189385374151195,9.053517755828793,0.08376707833598898,0.8263330190857018,1.394171975389621,0.40171018892141314
119,0.38789344373467327,0.38789344373467327,0.3667952312864509,0.44063897485522896,nan,nan,nan,nan,nan,0.26487745984087846,0.12761604438085153,0.6080309984909457,0.5109094276284681,0.6059744181920503,0.2732469512195122,0.5800256338379485,0.1533410402980541,1.785307577153393,0.9374048084905113,8.654771472344265,0.2997855495065478,0.6198874808388238,0.36368461892112475,0.33825474320656856
116,0.38884699899916686,0.38884699899916686,0.3689059650924952,0.43869958376584595,nan,nan,nan,nan,nan,0.2691912165499163,0.1279177534716936,0.6223748742454729,0.5085027814484174,0.6098941767132968,0.25502429328621906,0.8337383880620773,0.14703187617151453,1.3888464394800928,0.10410873800185305,8.628273064137474,0.2982664352677883,0.623769095611551,0.5470067827264671,0.328997008783354
51,0.3889200278370595,0.3889200278370595,0.44268758251693735,0.2545011411373647,nan,nan,nan,nan,nan,0.4446003505240325,0.5042280913372672,0.29553099849094566,0.33323970515008644,0.3811470736966075,0.21347128378378377,6.182735300924479,0.4126637237909675,0.7987748228105622,1.4464312644044597,11.760696083701554,0.12044485198210379,0.3492451646699382,0.15672280937069014,0.3426325053669929
88,0.38906897899690496,0.38906897899690496,0.3245531620675753,0.550358521320229,nan,nan,nan,nan,nan,0.25479609735442815,0.0645836258334227,0.7303272761569416,0.5233418606393818,0.5845226983017279,0.37038976648351646,1.1521417430603553,0.1014627099884399,1.682510384722438,2.348297956234421,9.312005486092207,0.08772513435804681,0.571158919692111,0.16293553443278216,0.47514827914381025
36,0.39174619984374354,0.39174619984374354,0.38208707692727495,0.41589400713491476,nan,nan,nan,nan,nan,0.3081321349519189,0.196613862172123,0.5869278169014085,0.4753602647355682,0.5675602916824269,0.24486019736842105,3.602184670859585,0.2042562673953983,2.558212858976955,1.9099135673685934,5.338119338531364,0.06352368806905682,0.10500045792346727,0.2069020126656985,0.10245880647886782
29,0.3958129549855364,0.3958129549855364,0.3638089239392703,0.4758230326012016,nan,nan,nan,nan,nan,0.3027653815195644,0.15534160454992532,0.671324823943662,0.48886052845150846,0.5722762433286153,0.28032124125874125,1.3382752566663578,0.1611470813586207,3.229520884292739,1.8205191013467468,10.848313057367967,0.08808063881879592,0.27409927407933926,0.11415226878823313,0.8958695793709415
142,0.39646153648197474,0.39646153648197474,0.36037737623057753,0.48667193711046774,nan,nan,nan,nan,nan,0.27342784216680416,0.11414958265525613,0.6716234909456741,0.5194952307971453,0.606605169805899,0.30172038327526135,1.3730472507338085,0.10906616121259191,1.4785389926600216,1.127314205950362,6.836387894248679,0.20497064219595912,0.2169042022484013,1.9981209145021834,0.36239543781551203
109,0.3965341452818249,0.3965341452818249,0.3546991127752291,0.5011217265483142,nan,nan,nan,nan,nan,0.24737697134927394,0.08213007377228332,0.6604942152917505,0.5456913192143759,0.6272681517781749,0.34174923780487804,0.7220389244561475,0.11950287669136593,1.9288379735448447,3.1381313556860864,6.195418653279823,0.2757691524031548,0.7529093209155034,1.8518201559008982,0.18548212499520927
2,0.39800196652994935,0.39800196652994935,0.4260629092710112,0.32784960967729454,nan,nan,nan,nan,nan,0.3877860866346915,0.37328910277750166,0.424028546277666,0.4082178464252072,0.4788367157645208,0.23167067307692307,0.6296840503800761,0.3333341116661679,1.5124358086427063,0.7379293168403915,14.016113340412279,0.22534446570127165,1.7946739551454762,0.6347337843569475,1.872723552455933
145,0.3983307589591263,0.3983307589591263,0.3595274998220468,0.49533890680182496,nan,nan,nan,nan,nan,0.2833144161831617,0.11457906595622518,0.705152791750503,0.5133471017350909,0.6044759336878684,0.2855250218531469,2.069498930771932,0.11287793820079674,0.9886523077977525,2.92147440335041,4.985848016975774,0.19250028347318546,0.8546158670590477,0.1868248467098342,0.20635873277338485
23,0.39855759438811034,0.39855759438811034,0.3500831942489425,0.5197435947360298,nan,nan,nan,nan,nan,0.2604727496426674,0.08571001348363783,0.6973795900402414,0.5366424391335533,0.6144563750142472,0.3421075994318182,1.5370764313209797,0.12191113532727532,1.264596050111815,2.395363046161565,10.358539716961179,0.10308525231329535,0.13050023390184062,0.11537551252675629,0.8250383431818936
48,0.399601972866148,0.399601972866148,0.4634210263583674,0.24005433913559943,nan,nan,nan,nan,nan,0.3442672975811905,0.37112135203033336,0.27713216145833336,0.4549366481511055,0.5557207006864014,0.2029765168128655,6.249265075123219,0.4168967179643089,2.8575451715209583,1.231822755022616,12.264806044454662,0.1552072346040306,0.383831139884567,0.31820308158817634,0.14796317570861875
147,0.40010129847916887,0.40010129847916887,0.3585510231022247,0.5039769869215291,nan,nan,nan,nan,nan,0.2600286431318893,0.08460410943897087,0.6985899773641852,0.5401739538264485,0.6324979367654785,0.30936399647887325,2.4670976408677334,0.1236308272594868,1.0006969788205855,3.098673388560863,9.060838916094632,0.08221301192336689,0.8339222879192364,1.3752773589948262,1.0031644873202659
18,0.4031210363766396,0.4031210363766396,0.43123834753990276,0.33282775846848156,nan,nan,nan,nan,nan,0.39522907862647,0.3766167362339996,0.4417599346076459,0.4110129941268092,0.4858599588458059,0.22389558232931728,0.5193832331635491,0.33306426219355606,1.8521264163228857,1.2477445316326627,14.816272496473808,0.3256340678738631,1.907103835912903,0.5300766842897682,0.11942599728722701
9,0.4034168825865956,0.4034168825865956,0.44101737852505973,0.3094156427404351,nan,nan,nan,nan,nan,0.33769274953566397,0.31295342558311334,0.3995410594170404,0.46914101563752725,0.5690813314670061,0.21929022606382978,0.6061993204253694,0.3211678642014228,1.8828124280850762,2.5236486984536715,14.632499938831966,0.4387835660921458,0.9539914805020119,0.9383480035340207,1.6296889309341063
112,0.4044843490020351,0.4044843490020351,0.3993809327626514,0.4172428896004943,nan,nan,nan,nan,nan,0.2384274278383453,0.0974804915290154,0.59079476861167,0.570541270165725,0.7012813739962874,0.2436910105893186,0.5973155004085947,0.1550739971335054,1.3816495558712265,3.131919987964253,6.291965065515586,0.3016785515962278,0.7740073415012516,1.7648041279101465,0.19429546719382734
11,0.4052004043750219,0.4052004043750219,0.5021495153975891,0.16282762681860394,nan,nan,nan,nan,nan,0.4248773964254006,0.5559639183758426,0.09716109154929578,0.38552341232464316,0.4483351124193356,0.2284941620879121,0.7659020170729317,0.6036832980170763,0.7861787293582458,3.2176779372596886,7.184613808396653,0.4053850346425618,0.8663825076346593,0.43319125381732965,0.21659562690866482
16,0.40660637415881606,0.40660637415881606,0.4298934773548779,0.34838861616866146,nan,nan,nan,nan,nan,0.37518384701221336,0.340473683603819,0.4619592555331992,0.4380289013054187,0.5193132711059367,0.23481797680412372,0.527826822286189,0.30575483866229997,1.861571188280186,0.23491735309561085,14.329257011927126,0.31857172354625474,0.683555774651064,1.2739631533828113,1.9243826062868683
42,0.4066133752609201,0.4066133752609201,0.4043406109093216,0.41229528613991645,nan,nan,nan,nan,nan,0.28712927125364124,0.19834667392008765,0.5090857645875252,0.526097479268199,0.6103345478985556,0.3155048076923077,1.044999237674317,0.2133964951051251,2.6266981327498318,2.754169185464029,8.87825831255481,0.14496231709249757,0.20003286956660993,0.22845270550722793,0.11552365111918704
139,0.4113014835345695,0.4113014835345695,0.3544514145616681,0.5534266559668228,nan,nan,nan,nan,nan,0.2595683063425563,0.07861507052947816,0.7119513958752515,0.5630346607265827,0.6302877585938581,0.39490191605839414,1.3550891746160387,0.10954143819056524,1.6075739703979195,1.1004891133095045,7.134609621328208,0.2039805848343685,0.38940843113860074,1.7159349331456748,0.17204595982218493
24,0.41198330759903456,0.41198330759903456,0.38549683138464685,0.47819949813500384,nan,nan,nan,nan,nan,0.27072448511267416,0.10198019968088261,0.692585198692153,0.553242130085395,0.6690134630884111,0.26381379757785467,1.4765784290602337,0.13560422063382455,2.8711808509632677,2.3959633620465914,10.3955209959985,0.10670051282988866,0.2712823254199224,0.10164748551774441,0.8714077618037405
8,0.41412917105451075,0.41412917105451075,0.4480423284975068,0.32934627744702044,nan,nan,nan,nan,nan,0.37902942419895463,0.3712064604781341,0.39858683350100604,0.4492289179100668,0.5248781965168795,0.26010572139303484,0.5627544128356126,0.2944764803230727,2.18733966811087,0.5200264339744476,14.41066910127993,0.394215406263617,0.5484477305848059,0.390194056598409,0.213816135784708
80,0.4147114738640953,0.4147114738640953,0.4030634672646812,0.4438314903626303,nan,nan,nan,nan,nan,0.29402300460934905,0.1789391732538934,0.5817325829979879,0.5353999431188415,0.6271877612754689,0.3059303977272727,1.2570301454182347,0.17801379614133575,2.4318584002716808,2.570903625291751,11.103059949181805,0.0759504364505163,0.46851321694467524,0.10798865092163308,0.2836165556980205
58,0.42157450344694736,0.42157450344694736,0.384817603059183,0.5134667544163583,nan,nan,nan,nan,nan,0.2947133428682804,0.15191268906991845,0.6517149773641852,0.5484356640256144,0.6177225170484475,0.37521853146853146,1.9898381661297178,0.1577933512995019,1.0033712383797226,1.04255749540211,13.080571977666184,0.12377760870551884,0.1607841837107542,0.11925341789899686,1.171845143816561
117,0.4221658482463581,0.4221658482463581,0.4345198283286281,0.3912808980406831,nan,nan,nan,nan,nan,0.2909285246940514,0.20040544261996168,0.5172362298792756,0.5534031717986648,0.6686342140372945,0.2653255662020906,1.0894740269219976,0.19589689953119127,1.7792443928570418,0.9097983093332467,8.811724590471245,0.059178604764332246,0.6176680286820129,0.5464349206491388,0.33487559569706693
74,0.42222193625884197,0.42222193625884197,0.4321192164681149,0.3974787357356597,nan,nan,nan,nan,nan,0.3378597499097999,0.27110161265037974,0.5047550930583501,0.5065841226078841,0.59313682028585,0.2902023784129693,1.2376149752264314,0.24540011648827098,3.017274039119867,3.4751807554238017,9.795488119302826,0.07754398324529584,0.2343570245093277,0.17388764920100375,0.4096077051424133
65,0.42913867296296915,0.42913867296296915,0.3728349953420734,0.5698978670152083,nan,nan,nan,nan,nan,0.27108405762725285,0.09098963741859659,0.7213201081488934,0.5871932882986854,0.6546803532655503,0.41847562588152326,1.603770115094771,0.10098807444336995,3.075725588246031,2.1675105263391172,9.764713664892161,0.0936820437709279,0.22760028275916802,0.14103407737770984,0.41901623628958573
110,0.43051735157290394,0.43051735157290394,0.4398234496467335,0.40725210638833,nan,nan,nan,nan,nan,0.2483567900965705,0.11877282102453468,0.57231671277666,0.6126779130492374,0.7608740782689323,0.2421875,0.6783894085220912,0.1616156324978374,1.9079746289825565,3.214586895463014,5.827183214487947,0.24060941698944227,0.5015973469454283,1.8649242025153487,0.1905927995044596
12,0.43850526023273184,0.43850526023273184,0.4677741250027332,0.3653330983077283,nan,nan,nan,nan,nan,0.3397945355151091,0.2830281193388589,0.4817105759557344,0.5372159849503546,0.6525201306666075,0.2489556206597222,0.8,0.3,2.0,0.5,15.0,0.2,1.0,1.0,1.0
121,0.43927673873812145,0.43927673873812145,0.4917240362780706,0.3081584948882484,nan,nan,nan,nan,nan,0.4207380435783429,0.42619372378633996,0.4070988430583501,0.4578154338979,0.5572543487698013,0.20921814671814673,1.1003997250822468,0.3486262901470202,1.764284949408378,0.42982635460053614,5.423023246309368,0.35886794330943445,0.5968585049529275,1.2405075536521175,0.1681402248421858
79,0.4420251239597933,0.4420251239597933,0.409148253283618,0.5242173006502316,nan,nan,nan,nan,nan,0.2591655930928003,0.09692702650698277,0.6647620095573441,0.6248846548267863,0.7213694800602531,0.38367259174311924,1.2372239281304427,0.13310513114815903,3.2381218472939812,2.5838859510930425,7.896263420581868,0.07620151486643849,0.12744282744113047,0.17209817265447594,0.27516813982985705
3,0.44371876585282166,0.44371876585282166,0.5021461140809202,0.2976503952825751,nan,nan,nan,nan,nan,0.36088774909536825,0.3625146042667147,0.35682061116700203,0.5265497826102751,0.6417776238951258,0.23848017939814814,0.5064098992236274,0.29675015686741374,1.7671698292984586,0.9836846404836048,14.424727389386799,0.3915920662553198,1.9807199219037797,0.3367901056965908,1.4953966262716023
31,0.44725797111044474,0.44725797111044474,0.4081295951683046,0.5450789109657947,nan,nan,nan,nan,nan,0.2651317111427487,0.07680876682721231,0.7359390719315896,0.6293842310781408,0.7394504235093969,0.35421875,2.7726299156187175,0.10644489200146295,3.1146957949218166,1.7069086345279059,4.709259461330353,0.05660540496280467,0.13708329995506646,0.13940999420803635,0.682090877830631
141,0.45351851075908955,0.45351851075908955,0.41868900230712197,0.5405922818890085,nan,nan,nan,nan,nan,0.2700313273563939,0.08599154441565159,0.7301307847082495,0.6370056941617852,0.7513864601985923,0.3510537790697674,2.186224298211776,0.11203607848700367,1.4916425669867364,0.5631420444044649,6.867192893886507,0.06441905962405146,0.5255281990226377,0.1832345988244052,0.3622351948693058
83,0.4541207325354263,0.4541207325354263,0.4744731251471823,0.4032397510060362,nan,nan,nan,nan,nan,0.28980588582088446,0.17688643934440923,0.5721045020120724,0.6184355792499682,0.7720598109499555,0.234375,1.422131818480412,0.1794415106900601,2.390132934277981,2.5752295503810956,10.188708141428215,0.11096246973913014,0.29422475443000273,0.10799660239062309,0.25915681969597365
114,0.4569619929324684,0.4569619929324684,0.5446579493854624,0.23772210179998352,nan,nan,nan,nan,nan,0.3970805801727511,0.4608513368320155,0.23765368852459015,0.5168434056921858,0.6284645619389092,0.23779051507537688,0.6742042636059934,0.478064021472001,1.0844693183618297,3.274003770975564,6.428906465018018,0.2601385661480292,0.50425870149848,1.6478885783586652,0.257097314529345
151,0.4584142216568369,0.4584142216568369,0.5478492462570717,0.23482666015625,nan,nan,nan,nan,nan,0.3438569636422538,0.3794759209741553,0.2548095703125,0.5729714796714199,0.7162225715399879,0.21484375,1.2226639744254468,0.5238885106333223,3.3171633600915724,3.0974277811428386,9.193164050561542,0.08118576422086018,1.4678931989353534,0.14210532382404567,0.22511287074771996
0,0.4591624999747912,0.4591624999747912,0.510777791326851,0.3301242715946414,nan,nan,nan,nan,nan,0.3918990104088326,0.38167546567900545,0.4174578722334004,0.5264259895407497,0.6398801169746966,0.24279067095588236,0.7195214586530685,0.31664075322681756,2.127954180842541,0.5856664745040279,12.558640989350833,0.18025573468258707,1.744060606058018,0.9404606759980869,1.666084305818531
118,0.4624871453046032,0.4624871453046032,0.45751564276246054,0.4749159016599598,nan,nan,nan,nan,nan,0.2911131205049733,0.13231314737899477,0.6881130533199196,0.6338611701042332,0.7827181381459263,0.26171875,2.1551431884577146,0.15046705435343577,1.744879022077404,0.12201048251926827,8.838636656992582,0.0884912056975989,0.6537468473065068,1.1020353761575792,0.33428337089929794
103,0.46277536885355774,0.46277536885355774,0.4311856099249104,0.541749766175176,nan,nan,nan,nan,nan,0.2530928824395588,0.07688725372524143,0.6936069542253521,0.6724578552675567,0.7854839661245794,0.389892578125,0.754585465667798,0.11830765111600748,1.1901555366507965,0.6731506440589962,8.249081616371857,0.17531201843084396,0.7444350275183781,0.2480306209837496,0.37989120447827057
50,0.463240425309816,0.463240425309816,0.5532622147747885,0.23818595164738432,nan,nan,nan,nan,nan,0.46625693013639324,0.5394988873016144,0.28315203722334004,0.46022392048323874,0.5670255422479628,0.19321986607142858,6.862243509047693,0.43012308195385757,0.8635718585249785,1.4438194897833256,11.616164727376596,0.14445167043593388,0.3415437744586798,0.15878537156790212,1.2318912629863505
6,0.4641193385017737,0.4641193385017737,0.5057168349688815,0.360125597334004,nan,nan,nan,nan,nan,0.31734310694795154,0.2436798718599289,0.501501194668008,0.6108955700555959,0.7677537980778342,0.21875,0.6375536320706972,0.27046876835331546,1.8281623067977366,0.7307625786170651,14.279216230101266,0.2275866698987373,1.7592935572964172,0.67439713325303,1.9107993170091124
5,0.46952346342717066,0.46952346342717066,0.5314076587442887,0.3148129751343752,nan,nan,nan,nan,nan,0.3701463748833352,0.36061249525920447,0.393981073943662,0.5689005519710061,0.702202822229373,0.23564487632508835,0.6329010494908233,0.33124388537977195,1.9630257702050924,0.2134634250200811,14.378129315820418,0.32785542932011863,1.9167066072774763,0.4660818560910447,1.9844309407147371
134,0.472184209186143,0.472184209186143,0.46292534758897036,0.49533136317907445,nan,nan,nan,nan,nan,0.2495311089406861,0.07339096197370099,0.6898814763581489,0.6948373094315999,0.8524597332042397,0.30078125,1.951936302126789,0.13433363553147515,1.0965816399465624,2.8979699159773156,4.046276346050956,0.4178760768255826,0.1735807173642199,0.7872061909064177,0.22502338642094408
135,0.4741336217014392,0.4741336217014392,0.47786843356108927,0.4647965920523139,nan,nan,nan,nan,nan,0.2547321362499293,0.10353771710804989,0.6327181841046278,0.6935351071529491,0.8521991500141286,0.296875,1.503493492058569,0.13609078170646585,1.5922108943568989,3.4055496885778207,10.14963502419371,0.06774948948953877,0.46968230206612593,1.6964817428707941,0.26979467089979936
46,0.4751140266454314,0.4751140266454314,0.5962913523880937,0.17217071228877548,nan,nan,nan,nan,nan,0.44523869315023923,0.5541209166414907,0.17303313442211055,0.5049893601406236,0.6384617881346968,0.1713082901554404,6.95650936759898,0.5713647630462761,2.7298014533300687,1.2696011581002484,11.98720567377068,0.1455330704647865,0.3561732163352551,0.2867173495209665,0.34262101352843205
17,0.47613611220658497,0.47613611220658497,0.5187637228526675,0.36956708559137846,nan,nan,nan,nan,nan,0.3354087533876339,0.2733731853261884,0.49049767354124746,0.6168634710255361,0.7641542603791466,0.24863649764150944,0.547688199983637,0.2846150421415926,1.3127340043421851,3.1381301304185873,13.792631234568928,0.44356035472121236,1.2338684097633568,1.2895112528923995,1.4276001246742083
41,0.47797918331664085,0.47797918331664085,0.503624453222774,0.41386600855130784,nan,nan,nan,nan,nan,0.24845966687074494,0.11675072677799662,0.5777320171026157,0.7074986997625368,0.8904981796675514,0.25,1.1117213204519014,0.22254247790048232,2.6391525075110978,1.2965739307164392,8.807716604002671,0.07011696973060867,0.19981068526948062,0.243416304394882,0.10261936566487594
1,0.47997909461518246,0.47997909461518246,0.53449967029279,0.34367765542116335,nan,nan,nan,nan,nan,0.38865087494819717,0.364552623317818,0.4488965040241449,0.5713073142821677,0.7044467172677621,0.23845880681818182,0.5,0.3,2.0,0.5,15.0,0.2,1.0,1.0,1.0
32,0.4827444549805542,0.4827444549805542,0.493688376308792,0.4553846516599598,nan,nan,nan,nan,nan,0.2797980099581824,0.13522199261348752,0.6412380533199196,0.685690900002926,0.8521547600040964,0.26953125,4.428009344588361,0.1802020647803852,3.416288165755942,1.628326138629116,4.560072413000256,0.05142049976345369,0.10561459777359622,0.17133818115454394,0.6835463190622457
13,0.4876478283528586,0.4876478283528586,0.541854029613519,0.35213232520120724,nan,nan,nan,nan,nan,0.302427486869608,0.23075512145648536,0.4816084004024145,0.6728681698361091,0.8529529377705526,0.22265625,0.6412386298027515,0.26382755748613007,1.8127055833599774,0.3265647725043277,14.276002939936804,0.35924448407850307,0.6799969772281771,0.6468414785075944,1.9056459059147557
15,0.48925022191623135,0.48925022191623135,0.5524677478952849,0.33120640696859727,nan,nan,nan,nan,nan,0.4047324790392166,0.39978693946778043,0.4170963279678068,0.5737679647932461,0.7051485563227894,0.24531648596938777,0.5921024118941627,0.2980417956419035,2.2233847081019693,0.3729348403718901,14.360591342543705,0.3884714786225078,1.153561203544161,0.2376399805793816,1.4936431857453487
4,0.4909438249562255,0.4909438249562255,0.5535360554619992,0.334463248691791,nan,nan,nan,nan,nan,0.38911954385326186,0.3705533271893352,0.43553508551307846,0.5927681060591892,0.7365187837346634,0.2333914118705036,0.5440436516105709,0.2921002062801383,1.9433099969753143,0.8473856588139062,13.684784949602452,0.21458977371826776,0.9209184487972255,0.7075027812139957,1.4710412473201455
39,0.49174321427801837,0.49174321427801837,0.5303529119610566,0.39521897007042256,nan,nan,nan,nan,nan,0.2726136882161298,0.17017148744624358,0.5287191901408451,0.710872740339907,0.8905343364758697,0.26171875,2.87500005541743,0.21139757902834058,2.5294244000666684,2.8290656153663747,8.485476475172879,0.06261087443536259,0.19425886811560172,0.1946030178729704,0.10436650773768917
52,0.4922129161285023,0.4922129161285023,0.4939160529018348,0.48795507419517103,nan,nan,nan,nan,nan,0.293501483097272,0.13460051698004394,0.6907538983903421,0.6909243491597327,0.8532315888236257,0.28515625,6.151198053513406,0.15807285563530457,0.901286840103935,1.0889911551804556,11.561773428791286,0.12397111219143148,0.36627527352684186,0.15879927983415432,0.3484184543365081
34,0.49279318148025214,0.49279318148025214,0.5228408489415682,0.41767401282696176,nan,nan,nan,nan,nan,0.2734681683862049,0.16434122547911745,0.5462855256539235,0.7121181945742994,0.881340472404019,0.2890625,3.9963335295386413,0.20593043363257546,3.4903001617192912,2.0047542855831706,3.1193547222694393,0.07227390181756047,0.10627266501565574,0.1839703629829403,0.6366236237147209
82,0.49956286215489776,0.49956286215489776,0.5059901196929131,0.48349471830985913,nan,nan,nan,nan,nan,0.28323530062007857,0.1581711462202226,0.5958956866197183,0.715890423689717,0.8538090931656036,0.37109375,1.2099954706231792,0.18230270330342863,2.376799778909985,2.575275758438285,7.587712754039455,0.11078305286979363,0.13913471705695085,0.10328014772769982,0.23646738310026869
69,0.5001738932938771,0.5001738932938771,0.535157772748083,0.4127141946583621,nan,nan,nan,nan,nan,0.30221331977832827,0.20914932676410625,0.5348733023138833,0.6981344668094258,0.8611662187320597,0.2905550870028409,1.6453252234792264,0.24723879219480763,3.0067490932622474,2.202177053409666,9.613598604449557,0.09434763774968921,0.2411560131919824,0.13485062601827416,0.1819233243611885
33,0.500288902427257,0.500288902427257,0.593918409575222,0.2662151345573441,nan,nan,nan,nan,nan,0.3939458460498775,0.43690207682395316,0.28655526911468815,0.6066319588046365,0.7509347423264909,0.245875,3.7982305939194108,0.18160245727936308,3.3597476875354295,1.9947670655479743,3.4721541989121754,0.05489081512981964,0.11299012378244672,0.2151787017948906,0.5999472677302913
37,0.5004590612235869,0.5004590612235869,0.5170646550289169,0.4589450767102616,nan,nan,nan,nan,nan,0.27376951427349444,0.13955875861468292,0.6092964034205232,0.7271486081736792,0.8945705514431508,0.30859375,3.7848535801257417,0.20547657348192183,2.572558720019649,2.046103392769746,4.294134191657269,0.05539111961728941,0.186977042730747,0.21107599179950956,0.11291618968092769
28,0.5020037858662514,0.5020037858662514,0.4849591608767358,0.5446153483400402,nan,nan,nan,nan,nan,0.2741560304444783,0.1168761639502374,0.6673556966800804,0.7298515412880245,0.8530421578032342,0.421875,1.3216518695221602,0.14580596937086487,1.2303610534242406,1.590641075543494,10.576274019231285,0.10665640306043493,0.27640762703001087,0.13975731613565118,0.8329509267267088
124,0.5040980826021344,0.5040980826021344,0.5897871485575447,0.28987541771360853,nan,nan,nan,nan,nan,0.40666280963097323,0.41757051396625994,0.37939354879275655,0.6015333555732955,0.7620037831488294,0.20035728663446054,1.8147525415406016,0.3621073938673971,1.2732539210948288,0.44630906911663715,5.634033781443474,0.2224537603827362,0.691306542993543,1.3972855797661032,0.24300570961924334
44,0.5079725264554186,0.5079725264554186,0.6036121048616097,0.2688735804399406,nan,nan,nan,nan,nan,0.4861534960882894,0.5481397084193868,0.3311879652605459,0.5297915568225477,0.6590845013038326,0.20655919561933533,1.0460483695038545,0.40447120085869653,2.6901300639671217,1.3095705578375267,12.11971376750278,0.1416276801815914,0.19916544338276065,0.2772375747629192,0.15618798565088668
35,0.5082521071447127,0.5082521071447127,0.5406572633828794,0.42723921654929575,nan,nan,nan,nan,nan,0.3247025204936004,0.21435465545160387,0.6005721830985915,0.691801693795825,0.866959871314155,0.25390625,3.3651736503698797,0.19736232003559462,3.4937370545013007,1.792477218884174,4.593579347781118,0.06194856987799586,0.1951238938006781,0.2011484284713748,0.10841202906164527
132,0.5115127853638229,0.5115127853638229,0.5160675976984869,0.5001257545271629,nan,nan,nan,nan,nan,0.28725531930658393,0.14268184340748707,0.6486890090543259,0.735770251421062,0.8894533519894867,0.3515625,1.4877221026148324,0.1341201312627188,1.5857734275002087,0.7616771481500763,7.213447997673842,0.07415875506498552,0.4694329550008301,0.22755297233681854,0.2945182757250844
14,0.5152756962749002,0.5152756962749002,0.5967050768975364,0.3117022447183099,nan,nan,nan,nan,nan,0.4011174025420583,0.4059525677842338,0.3890294894366197,0.6294339900077421,0.7874575860108389,0.234375,0.7984930646751949,0.33192188318509097,2.209781104311487,0.5280711610794219,13.42060889506749,0.37849697250333514,1.994034044180428,0.3441437103365865,1.7014284508042652
113,0.5157894506977958,0.5157894506977958,0.5527154548199725,0.4234744403923541,nan,nan,nan,nan,nan,0.32106697794062045,0.22008921680298524,0.5735113807847082,0.7105119234549713,0.8853416928369597,0.2734375,2.429487031134892,0.1936321550068426,1.0552341180976397,3.238360772544388,6.60504790300585,0.24433478912004744,0.4893886741901206,1.9281787967160746,0.1939859573663644
40,0.5193813715871827,0.5193813715871827,0.5627004443669248,0.411083689637827,nan,nan,nan,nan,nan,0.37496293519942486,0.29920615756893315,0.564354879275654,0.6637998079749404,0.8261947311649165,0.2578125,2.3147196522529168,0.2154732018173024,2.583279331320747,2.8962319954667817,8.83205972104648,0.07101837438511878,0.19639297768774613,0.19237721087538928,0.12598779255764597
10,0.5241233243960295,0.5241233243960295,0.5929316051765247,0.35210262244479146,nan,nan,nan,nan,nan,0.3468835342879993,0.30091612305350074,0.4618020623742455,0.7013631145040597,0.8849470872995486,0.24240318251533743,0.5,0.3,2.0,0.5,15.0,0.2,2.0,1.0,0.5
53,0.5419404402585123,0.5419404402585123,0.6493070338669473,0.27352395623742454,nan,nan,nan,nan,nan,0.4377194649665853,0.4830505859632798,0.3243916624748491,0.6461614155504393,0.8155634817706149,0.22265625,1.9867192402257057,0.3966062695954818,0.8135224453773184,1.482599501297716,9.614149557482092,0.12065047691860342,0.33440053414080717,0.15074267575776312,1.141534503172239
85,0.5473481778709579,0.5473481778709579,0.7324115103312403,0.08468984672025208,nan,nan,nan,nan,nan,0.38972789547418396,0.5125373589073032,0.08270423689138577,0.704968460267732,0.9522856617551773,0.08667545654911839,1.4432479383681314,0.6858583722220148,1.6636693619571574,2.4114224944820046,7.691555141123537,0.11236285401779808,0.3135848802254313,0.12765374294936654,0.4819548930770343
45,0.5493488013596888,0.5493488013596888,0.6683935117594401,0.2517370253603104,nan,nan,nan,nan,nan,0.6703725794296329,0.8247501311571401,0.28442870011086474,0.42832502328974464,0.51203689236174,0.2190453506097561,2.2729402914799772,0.3898895702815748,2.6919192933461695,2.7869930992730483,9.05944137578671,0.15337529139880215,0.36532714147278733,0.2903507542843428,0.13987643912556114
86,0.5620821572272876,0.5620821572272876,0.7376978420497922,0.12304294517102615,nan,nan,nan,nan,nan,0.4857151437007406,0.6675043450442159,0.031242140342052315,0.6384491707538346,0.8078913390553684,0.21484375,0.874552728960406,0.6897487302624743,1.1542800463511247,2.6987906917186195,1.1404912510321008,0.10469074252422313,0.3047552712291516,0.12113359821770721,0.3731607558930714
47,0.5815564861035744,0.5815564861035744,0.6936590855751852,0.3012999874245473,nan,nan,nan,nan,nan,0.48347881134973597,0.5373928459499925,0.34869372484909456,0.6796341608574128,0.8499253252003778,0.25390625,1.0313622598962982,0.3810620494863245,2.7912684474923326,1.3931340898144131,11.92351678869513,0.1514103397609545,0.3434460746207778,0.29809761382778477,0.14063314548642672
49,0.5889557115662125,0.5889557115662125,0.7351568689922154,0.22345281800120512,nan,nan,nan,nan,nan,0.4338284414865476,0.48893049212543216,0.296073314889336,0.7440829816458775,0.9813832458589988,0.1508323211130742,1.0173765288338268,0.4454427420901879,0.9035310146319184,1.436083749648,12.269995086403673,0.14229405797517208,0.361311207015234,0.27395961767870985,1.143904314573127
7,0.5911880537807405,0.5911880537807405,0.6893675874080263,0.34573921971252564,nan,nan,nan,nan,nan,0.538622225888145,0.5759172404733824,0.4453846894250513,0.6437538816733359,0.8028179343426702,0.24609375,0.8,0.3,2.0,0.5,15.0,0.2,1.0,2.0,0.5
