trial,original_score,new_score,phys_score,patch_ratio,error_vx,error_vy,error_Bx,error_By,error_Jz,new_loss_kh,phys_kh,patch_kh,new_loss_vortex,phys_vortex,patch_vortex,new_loss_tearing,phys_tearing,patch_tearing,new_loss_coalescence,phys_coalescence,patch_coalescence,new_loss_ot,phys_ot,patch_ot,new_loss_rotor,phys_rotor,patch_rotor,param_threshold_amr
27,0.22977848948955504,0.22977848948955504,0.06368059154140865,0.6450232343599209,nan,nan,nan,nan,nan,0.20993624346161255,0.0018130396968322974,0.7302442528735632,0.2446821689501745,0.02643661547761268,0.790296052631579,0.1817349007851849,0.00442886109925881,0.625,0.2302387418307418,0.0005794308707307365,0.8043870192307693,0.2371531988855066,0.08942456395278767,0.6064747862173038,0.27492568302410997,0.25940103815122967,0.31373729520631066,0.2151015203330192
39,0.2306523227998091,0.2306523227998091,0.0394693688294109,0.7086097077258046,nan,nan,nan,nan,nan,0.2589395656223567,0.0014342137103798488,0.9027029454022989,0.2566755968672683,0.02620438824575457,0.8328536184210527,0.1817349007851849,0.00442886109925881,0.625,0.24589564646323211,0.0005039050485249274,0.859375,0.25783875463127004,0.07812088626244999,0.7071334255533199,0.1828294724295424,0.12612395861009723,0.32459325697815533,0.16370701057307785
26,0.23113677202515057,0.23113677202515057,0.06837266133559361,0.6380470487490427,nan,nan,nan,nan,nan,0.20552933639538534,0.0018394904937693098,0.7147539511494253,0.24348517973050948,0.027449975306923714,0.7835731907894737,0.1817349007851849,0.00442886109925881,0.625,0.22696062678841225,0.0005874255807001634,0.7928936298076923,0.23420341432254602,0.08818721968939137,0.5992439009054326,0.29490717412886536,0.2877429958435183,0.312817619842233,0.2247477717578037
37,0.2316193488041566,0.2316193488041566,0.04772996516015774,0.6913428079141539,nan,nan,nan,nan,nan,0.24860979294693153,0.0015019859877730788,0.8663793103448276,0.2547057912641753,0.02620981829616122,0.8259457236842105,0.1817349007851849,0.00442886109925881,0.625,0.23823677114806105,0.0005987872995931563,0.8323317307692307,0.2510711929670426,0.0807690363510427,0.6768265845070423,0.21535764371354438,0.17287130192711747,0.32157349817961167,0.17478865759488416
44,0.23170294708334413,0.23170294708334413,0.04770867277114096,0.6916886328638521,nan,nan,nan,nan,nan,0.24860979294693153,0.0015019859877730788,0.8663793103448276,0.2547057912641753,0.02620981829616122,0.8259457236842105,0.1817349007851849,0.00442886109925881,0.625,0.23823677114806105,0.0005987872995931563,0.8323317307692307,0.2515727826421676,0.08064128201694201,0.6789015342052314,0.21535764371354438,0.17287130192711747,0.32157349817961167,0.17472681588707042
42,0.23204664743818518,0.23204664743818518,0.04760609703726898,0.6931480234404755,nan,nan,nan,nan,nan,0.250280232147497,0.0014878709835072594,0.8722611350574713,0.2547060514222416,0.026210182517454068,0.8259457236842105,0.1817349007851849,0.00442886109925881,0.625,0.23890285399364503,0.000629860975718361,0.8345853365384616,0.2512982025669981,0.08000850472055789,0.6795224471830986,0.21535764371354438,0.17287130192711747,0.32157349817961167,0.1737016418565981
32,0.2336388970875456,0.2336388970875456,0.047830323276177866,0.6981603316159647,nan,nan,nan,nan,nan,0.25339466191655613,0.0014658887521440352,0.8832165948275862,0.25526985269854946,0.02621003062007443,0.8279194078947368,0.1817349007851849,0.00442886109925881,0.625,0.24141558170571495,0.000541910541847055,0.8435997596153846,0.25366348464484934,0.0797264640158675,0.6885060362173038,0.21635490077441863,0.17460878462787538,0.3207201911407767,0.16988565535185446
43,0.23392880237410543,0.23392880237410543,0.05487184477044588,0.6815711963832544,nan,nan,nan,nan,nan,0.23616987967253816,0.0015968832656913603,0.8226023706896551,0.2539075090932505,0.0262270916779191,0.8231085526315789,0.1817349007851849,0.00442886109925881,0.625,0.23755914215246243,0.0005515490134474173,0.830078125,0.2514460653365121,0.08686163935844086,0.6629071302816901,0.24275531720468466,0.2095650442079177,0.32573099969660196,0.18300626956117058
38,0.23456808069627735,0.23456808069627735,0.05510394713951979,0.6832284145881714,nan,nan,nan,nan,nan,0.23907582477794717,0.0015703788270570195,0.8328394396551724,0.25417218843580847,0.02622757696802655,0.8240337171052632,0.1817349007851849,0.00442886109925881,0.625,0.23755914215246243,0.0005515490134474173,0.830078125,0.25174506249038625,0.08687467702376414,0.6639210261569416,0.24312136553587502,0.2109706399055648,0.3234981796116505,0.18150041900251526
40,0.23498438666155227,0.23498438666155227,0.04781512858440836,0.7029075318544121,nan,nan,nan,nan,nan,0.2566909472382303,0.001447067512832726,0.8948006465517241,0.2558319121360803,0.02620744014840711,0.8298930921052632,0.1817349007851849,0.00442886109925881,0.625,0.24296779763536472,0.0004614070741259288,0.8492337740384616,0.2561233621254789,0.07991639409840691,0.696640782193159,0.2165574000489745,0.17442960157341864,0.3218768962378641,0.16734687504462312
35,0.23517789295485272,0.23517789295485272,0.06004550589582608,0.6730088606024193,nan,nan,nan,nan,nan,0.22957991622077534,0.0016740953527635857,0.7993444683908046,0.2526047402310601,0.026253544218220966,0.8184827302631579,0.1817349007851849,0.00442886109925881,0.625,0.2356196063817513,0.0005405258575286509,0.8233173076923077,0.24179146653524253,0.08008249982942002,0.6460638832997988,0.2697367275751022,0.24729350901776442,0.3258447739684466,0.18865982612820137
0,0.23523823647963116,0.23523823647963116,0.014938638133356483,0.7859872323453178,nan,nan,nan,nan,nan,0.28661735080737083,0.0012642911303191084,1.0,0.281818828828812,0.009028268255073519,0.9637952302631579,0.1817349007851849,0.00442886109925881,0.625,0.2680642923375397,0.00035010542640176006,0.9373497596153846,0.2531050405651879,0.020915215744985317,0.8335796026156942,0.14008900555369172,0.05364508714410039,0.3561988015776699,0.09728355229129856
1,0.23523823647963116,0.23523823647963116,0.014938638133356483,0.7859872323453178,nan,nan,nan,nan,nan,0.28661735080737083,0.0012642911303191084,1.0,0.281818828828812,0.009028268255073519,0.9637952302631579,0.1817349007851849,0.00442886109925881,0.625,0.2680642923375397,0.00035010542640176006,0.9373497596153846,0.2531050405651879,0.020915215744985317,0.8335796026156942,0.14008900555369172,0.05364508714410039,0.3561988015776699,0.09732703636491241
36,0.23524135048778358,0.23524135048778358,0.047574030487007195,0.7044096504897245,nan,nan,nan,nan,nan,0.2575069981070927,0.0014401134418837805,0.8976742097701149,0.2558319121360803,0.02620744014840711,0.8298930921052632,0.1817349007851849,0.00442886109925881,0.625,0.2439269638323139,0.00045207628831636014,0.8526141826923077,0.2558899280170551,0.07848609037075845,0.6993995221327968,0.2165574000489745,0.17442960157341864,0.3218768962378641,0.16665899422613834
9,0.23549104884202454,0.23549104884202454,0.015876668944034847,0.7845269985869986,nan,nan,nan,nan,nan,0.28661735080737083,0.0012642911303191084,1.0,0.281818828828812,0.009028268255073519,0.9637952302631579,0.1817349007851849,0.00442886109925881,0.625,0.26744920156835733,0.00039042065723869196,0.9350961538461539,0.25523700550873046,0.026503085378218556,0.82707180583501,0.14008900555369172,0.05364508714410039,0.3561988015776699,0.09991583743917942
41,0.23550359787128908,0.23550359787128908,0.05422295518762634,0.6887052045804459,nan,nan,nan,nan,nan,0.24523762587144426,0.0015223313924357285,0.8545258620689655,0.254165603435156,0.026218357967113103,0.8240337171052632,0.1817349007851849,0.00442886109925881,0.625,0.23823677114806105,0.0005987872995931563,0.8323317307692307,0.2505253204520133,0.08159875346179243,0.6728417379275654,0.24312136553587502,0.2109706399055648,0.3234981796116505,0.17755355210660667
3,0.2355539288691887,0.2355539288691887,0.014909552403345391,0.7871648700337968,nan,nan,nan,nan,nan,0.28661735080737083,0.0012642911303191084,1.0,0.2823572291548167,0.009017226079901214,0.9657072368421052,0.1817349007851849,0.00442886109925881,0.625,0.2686646710440264,0.0002891933077907391,0.9396033653846154,0.25386041587004166,0.020812655658702092,0.8364798163983903,0.14008900555369172,0.05364508714410039,0.3561988015776699,0.09633270947436988
4,0.23596447919124977,0.23596447919124977,0.013400415734870821,0.7923746378321974,nan,nan,nan,nan,nan,0.28661735080737083,0.0012642911303191084,1.0,0.2835397525885464,0.00534381151870178,0.9790296052631579,0.1817349007851849,0.00442886109925881,0.625,0.26990691134757705,0.00022544511737708674,0.9441105769230769,0.2521304958509914,0.014703016122977447,0.8456991951710262,0.14185746376782832,0.0544370694205907,0.36040844963592233,0.08970987471692879
6,0.23600522778882857,0.23600522778882857,0.013212313027820046,0.7929875146913496,nan,nan,nan,nan,nan,0.28661735080737083,0.0012642911303191084,1.0,0.2835397525885464,0.00534381151870178,0.9790296052631579,0.1817349007851849,0.00442886109925881,0.625,0.26990691134757705,0.00022544511737708674,0.9441105769230769,0.2531904267688993,0.013913906329577664,0.8513817278672032,0.14104202443539282,0.05409756297168583,0.3584031780946602,0.08846156845981881
8,0.23604778377132538,0.23604778377132538,0.01477905051553238,0.7892196169108079,nan,nan,nan,nan,nan,0.28661735080737083,0.0012642911303191084,1.0,0.2829061609725626,0.008996256940535012,0.9676809210526316,0.1817349007851849,0.00442886109925881,0.625,0.26990691134757705,0.00022544511737708674,0.9441105769230769,0.2550323731615653,0.020114361661603873,0.8423274019114688,0.14008900555369172,0.05364508714410039,0.3561988015776699,0.09465103330026692
18,0.23609996291330637,0.23609996291330637,0.07753370389441648,0.632515610460531,nan,nan,nan,nan,nan,0.20344473652399697,0.0018484932025612786,0.7074353448275862,0.24104114294774157,0.02753161328473288,0.7748149671052632,0.1817349007851849,0.00442886109925881,0.625,0.22421236179384274,0.0005259122806105477,0.7834284855769231,0.23298595962762433,0.08900101752293964,0.592948314889336,0.3331806758014477,0.34186632597639577,0.31146655036407767,0.23234881546572217
13,0.23611602717623556,0.23611602717623556,0.014270965776818204,0.790728680674779,nan,nan,nan,nan,nan,0.28661735080737083,0.0012642911303191084,1.0,0.2806281532624012,0.005387638251572219,0.9687294407894737,0.1817349007851849,0.00442886109925881,0.625,0.26990691134757705,0.00022544511737708674,0.9441105769230769,0.2559513830870513,0.01988248964179129,0.8461236167002012,0.14185746376782832,0.0544370694205907,0.36040844963592233,0.09282303461037367
7,0.23614113434423445,0.23614113434423445,0.013268897435970858,0.7933217266148933,nan,nan,nan,nan,nan,0.28661735080737083,0.0012642911303191084,1.0,0.2835397525885464,0.00534381151870178,0.9790296052631579,0.1817349007851849,0.00442886109925881,0.625,0.26990691134757705,0.00022544511737708674,0.9441105769230769,0.2531904267688993,0.013913906329577664,0.8513817278672032,0.14185746376782832,0.0544370694205907,0.36040844963592233,0.08902965005085463
11,0.23647999985144005,0.23647999985144005,0.013219631455929253,0.794630920840217,nan,nan,nan,nan,nan,0.28661735080737083,0.0012642911303191084,1.0,0.2835397525885464,0.00534381151870178,0.9790296052631579,0.1817349007851849,0.00442886109925881,0.625,0.26990691134757705,0.00022544511737708674,0.9441105769230769,0.2531904267688993,0.013913906329577664,0.8513817278672032,0.14389065681106195,0.054141473540341066,0.3682636149878641,0.0882351302013488
14,0.23664673569990655,0.23664673569990655,0.01319332063192169,0.7952802733698686,nan,nan,nan,nan,nan,0.28661735080737083,0.0012642911303191084,1.0,0.28379917404468236,0.005336935767818403,0.9799547697368421,0.1817349007851849,0.00442886109925881,0.625,0.26990691134757705,0.00022544511737708674,0.9441105769230769,0.25393142040356226,0.013762917136415665,0.8543526785714286,0.14389065681106195,0.054141473540341066,0.3682636149878641,0.08715871278471946
12,0.23668308824566361,0.23668308824566361,0.012823350236355167,0.7963324332689347,nan,nan,nan,nan,nan,0.28661735080737083,0.0012642911303191084,1.0,0.2843506288234163,0.005319498773835427,0.9819284539473684,0.1817349007851849,0.00442886109925881,0.625,0.26990691134757705,0.00022544511737708674,0.9441105769230769,0.2559669109739696,0.014933780997360183,0.858549735915493,0.1415218267364631,0.05076822429998039,0.3684058328276699,0.0846298645748142
19,0.23976989575880966,0.23976989575880966,0.028149836726845612,0.7688200433387196,nan,nan,nan,nan,nan,0.28619490547753296,0.0012655400823392757,0.9985183189655172,0.26723588932522024,0.011284850318466218,0.9071134868421052,0.1817349007851849,0.00442886109925881,0.625,0.2644721639890905,0.00027905843088050445,0.9249549278846154,0.2481713942907055,0.02805174778163553,0.7984705105633803,0.19081012068512357,0.12358896264849335,0.35886301577669905,0.11282294171296652
23,0.24053321675920525,0.24053321675920525,0.09062697023379308,0.6152988330727357,nan,nan,nan,nan,nan,0.19636618313583393,0.0018882311028111686,0.6825610632183908,0.23422488517983617,0.03034904977808638,0.7439144736842105,0.1817349007851849,0.00442886109925881,0.625,0.21969378275899207,0.0006001420164349678,0.7674278846153846,0.2716385875394318,0.15354603462763916,0.5668699698189135,0.3395409611559528,0.35294950277852805,0.3060196070995146,0.2546613221099915
22,0.24107626754220143,0.24107626754220143,0.09152982141047332,0.6149423828715214,nan,nan,nan,nan,nan,0.19743740032388948,0.0018793144764337245,0.6863326149425287,0.23422412306720178,0.030347982820398234,0.7439144736842105,0.1817349007851849,0.00442886109925881,0.625,0.21969378275899207,0.0006001420164349678,0.7674278846153846,0.27232717167980036,0.15737096791711283,0.5597176810865191,0.3410402266381397,0.3545516601332014,0.3072616429004854,0.25197332110005594
24,0.242067171946742,0.242067171946742,0.08741361525192497,0.6287010636837844,nan,nan,nan,nan,nan,0.20116873484407619,0.0018589299311318828,0.6994432471264368,0.24032421169209928,0.02805751478999157,0.7709909539473684,0.1817349007851849,0.00442886109925881,0.625,0.22162587126747188,0.0006007390052298187,0.7741887019230769,0.24105504361504887,0.1036679564333018,0.5845227615694165,0.36649426947657066,0.38586769025263584,0.31806071753640774,0.23770310502560796
25,0.24675901197645922,0.24675901197645922,0.09562896941399414,0.6245841183826218,nan,nan,nan,nan,nan,0.1992918839343266,0.0018714248643790711,0.6928430316091954,0.23863244519042015,0.02808213379290399,0.7650082236842105,0.1817349007851849,0.00442886109925881,0.625,0.22096772182448624,0.0005807720927422369,0.7719350961538461,0.2740785481420402,0.15387156196626067,0.5745960135814889,0.3658485719822973,0.3849390626684201,0.3181223452669903,0.24164560639873126
46,0.26461577565450656,0.26461577565450656,0.15546434270942955,0.537494358017199,nan,nan,nan,nan,nan,0.1800140864155138,0.0020197209817193044,0.625,0.2852039241947956,0.13495983597797703,0.6608141447368421,0.1817349007851849,0.00442886109925881,0.625,0.17908170696903386,0.0007143897566473922,0.625,0.33418089361174874,0.28564437278683047,0.4555221956740443,0.4274791419507624,0.5050188756541443,0.2336298076923077,0.3519651591509231
47,0.27208221234988456,0.27208221234988456,0.17107474746696383,0.5246008745571863,nan,nan,nan,nan,nan,0.1800140864155138,0.0020197209817193044,0.625,0.3671614611798968,0.2537875588097502,0.6505962171052632,0.1817349007851849,0.00442886109925881,0.625,0.17908170696903386,0.0007143897566473922,0.625,0.35358445474814765,0.34013542414740666,0.38720703125,0.37091666400153017,0.42536253000700047,0.23480199898785425,0.3710623591447111
17,0.2800868254716187,0.2800868254716187,0.16859306736623925,0.5588212207350672,nan,nan,nan,nan,nan,0.1800140864155138,0.0020197209817193044,0.625,0.2332480450524667,0.060083447283979706,0.6661595394736842,0.1817349007851849,0.00442886109925881,0.625,0.19059966575251858,0.0006586426304490611,0.6654522235576923,0.3284626929464048,0.2586468143905602,0.503002389336016,0.5664615618776233,0.6857209178114683,0.26831317204301075,0.3204352787788376
21,0.28136301326558705,0.28136301326558705,0.15365432457895886,0.6006347349821574,nan,nan,nan,nan,nan,0.1929790892109865,0.0019056386884845184,0.6706627155172413,0.23578605694995844,0.039491927098362786,0.7265213815789474,0.1817349007851849,0.00442886109925881,0.625,0.21769238672086047,0.0005025144861277112,0.7606670673076923,0.2920308863066471,0.18988574585948698,0.5473937374245473,0.5679547596198848,0.6857112602420323,0.2735635080645161,0.2676326611926847
51,0.2993330033053721,0.2993330033053721,0.19085986676943878,0.5705158446452052,nan,nan,nan,nan,nan,0.18590081051775015,0.0019637209317466967,0.6457435344827587,0.23370750049227598,0.04681221121550215,0.7009457236842105,0.1817349007851849,0.00442886109925881,0.625,0.20890489574321894,0.0006399309635833834,0.7295673076923077,0.41928835041617946,0.4055935585950735,0.4535253299689441,0.5664615618776233,0.6857209178114683,0.26831317204301075,0.29166303196897025
33,0.31267722465506026,0.31267722465506026,0.24135327762707548,0.4909870922250223,nan,nan,nan,nan,nan,0.1800140864155138,0.0020197209817193044,0.625,0.42621091421633245,0.40451600358707596,0.4804481907894737,0.1817349007851849,0.00442886109925881,0.625,0.17908170696903386,0.0007143897566473922,0.625,0.37712499203712624,0.39299423704038244,0.33745187952898553,0.5318967475071704,0.6434464532973689,0.2530224830316742,0.45383709785601345
45,0.3131158209013596,0.3131158209013596,0.22098345105591208,0.5434467455149782,nan,nan,nan,nan,nan,0.1800140864155138,0.0020197209817193044,0.625,0.2522982889343654,0.08584095977126945,0.6684416118421053,0.1817349007851849,0.00442886109925881,0.625,0.17977888282653673,0.000743921534074467,0.6273662860576923,0.4536961503035765,0.4551600755412862,0.4500363372093023,0.6311726161429799,0.7777071674078642,0.2648362379807692,0.3286847044687531
16,0.3135229162580868,0.3135229162580868,0.2222662875048601,0.5416644881411534,nan,nan,nan,nan,nan,0.1800140864155138,0.0020197209817193044,0.625,0.27377958168092004,0.1174690459322354,0.6645559210526316,0.1817349007851849,0.00442886109925881,0.625,0.17908170696903386,0.0007143897566473922,0.625,0.43535460555488825,0.4312585398514356,0.4455947698135198,0.6311726161429799,0.7777071674078642,0.2648362379807692,0.33301204769425036
48,0.3159140208485278,0.3159140208485278,0.2255851632607079,0.5417361648180773,nan,nan,nan,nan,nan,0.1800140864155138,0.0020197209817193044,0.625,0.3260413323222747,0.19828352314592143,0.6454358552631579,0.1817349007851849,0.00442886109925881,0.625,0.17908170696903386,0.0007143897566473922,0.625,0.39172657182895876,0.3688931814458541,0.44881004778672035,0.6368855267702006,0.7791713031348465,0.28117108585858586,0.3852173749977247
49,0.32028624556528346,0.32028624556528346,0.23133081786734278,0.5426748148101349,nan,nan,nan,nan,nan,0.1800140864155138,0.0020197209817193044,0.625,0.3388720453450435,0.21585178453569248,0.6464226973684211,0.1817349007851849,0.00442886109925881,0.625,0.17908170696903386,0.0007143897566473922,0.625,0.4051292071067238,0.3857988476958922,0.4534551056338028,0.6368855267702006,0.7791713031348465,0.28117108585858586,0.38779226363997293
30,0.3286843737129157,0.3286843737129157,0.2640273038891187,0.4903270482724081,nan,nan,nan,nan,nan,0.1800140864155138,0.0020197209817193044,0.625,0.4607744169378317,0.449047999502438,0.4900904605263158,0.1817349007851849,0.00442886109925881,0.625,0.17908170696903386,0.0007143897566473922,0.625,0.4386043836627596,0.4845063986972799,0.32384934607645877,0.5318967475071704,0.6434464532973689,0.2530224830316742,0.461769007900266
50,0.3339562988684368,0.3339562988684368,0.25288952925090896,0.5366232229122564,nan,nan,nan,nan,nan,0.1800140864155138,0.0020197209817193044,0.625,0.3861923042710437,0.2845672522952506,0.6402549342105263,0.1817349007851849,0.00442886109925881,0.625,0.17908170696903386,0.0007143897566473922,0.625,0.43982926799964395,0.44643564823773085,0.42331331740442657,0.6368855267702006,0.7791713031348465,0.28117108585858586,0.3997075020599712
28,0.3451686502545254,0.3451686502545254,0.2958924924903442,0.4683590446649782,nan,nan,nan,nan,nan,0.1800140864155138,0.0020197209817193044,0.625,0.4162663879668385,0.4328962984167317,0.37469161184210525,0.1817349007851849,0.00442886109925881,0.625,0.17908170696903386,0.0007143897566473922,0.625,0.5820180718834108,0.6918492313903392,0.3074401731160896,0.5318967475071704,0.6434464532973689,0.2530224830316742,0.46659758905114024
29,0.3600868763809491,0.3600868763809491,0.31672343743898773,0.46849547373585243,nan,nan,nan,nan,nan,0.1800140864155138,0.0020197209817193044,0.625,0.45708103150112506,0.4817226546278908,0.39547697368421053,0.1817349007851849,0.00442886109925881,0.625,0.17908170696903386,0.0007143897566473922,0.625,0.4642953868396567,0.5351462126016763,0.28716832243460766,0.6983141457751805,0.876308785566734,0.2533275462962963,0.48148696339989083
20,0.4708960091838075,0.4708960091838075,0.49892793906867866,0.40081618447162937,nan,nan,nan,nan,nan,0.1800140864155138,0.0020197209817193044,0.625,0.27869227586999723,0.36245537042852244,0.06928453947368421,0.1817349007851849,0.00442886109925881,0.625,0.8651175352171075,0.9777060156501044,0.5836463341346154,0.39507217322051824,0.47731454922013483,0.18946623322147652,0.9247450835945231,1.1696431170323323,0.3125,0.5700811537963749
15,0.9901684204702605,0.9901684204702605,1.2969309106820217,0.22326219494085756,nan,nan,nan,nan,nan,0.2189931018329486,0.10453694218298623,0.5051335009578544,0.28787006745811483,0.39676809444136074,0.015625,3.321531697101611,4.559994919420516,0.22537364130434784,0.8986035334063256,1.1687120140765481,0.22333233173076922,0.5657959786982231,0.7690708919166426,0.057608695652173914,0.64821614432434,0.782502602054076,0.3125,0.6899958210564988
