trial,original_score,new_score,phys_score,patch_ratio,error_vx,error_vy,error_Bx,error_By,error_Jz,new_loss_ot,phys_ot,patch_ot,new_loss_rotor,phys_rotor,patch_rotor,param_threshold_amr
64,0.19659702305943982,0.19659702305943982,0.03728015144454286,0.5948892020966821,nan,nan,nan,nan,nan,0.2531050405651879,0.020915215744985317,0.8335796026156942,0.14008900555369172,0.05364508714410039,0.3561988015776699,0.09728355229129856
80,0.19659702305943982,0.19659702305943982,0.03728015144454286,0.5948892020966821,nan,nan,nan,nan,nan,0.2531050405651879,0.020915215744985317,0.8335796026156942,0.14008900555369172,0.05364508714410039,0.3561988015776699,0.09732703636491241
57,0.19685564976557385,0.19685564976557385,0.031332814015950755,0.6106627391396315,nan,nan,nan,nan,nan,0.2549766077156135,0.013679398689182803,0.8582196302816901,0.1387346918155342,0.04898622934271871,0.36310584799757284,0.08628920341882626
109,0.19697471071186667,0.19697471071186667,0.03722887140140124,0.5963393089880301,nan,nan,nan,nan,nan,0.25386041587004166,0.020812655658702092,0.8364798163983903,0.14008900555369172,0.05364508714410039,0.3561988015776699,0.09633270947436988
106,0.19699397980940986,0.19699397980940986,0.034570042771784076,0.6030538224034743,nan,nan,nan,nan,nan,0.2521304958509914,0.014703016122977447,0.8456991951710262,0.14185746376782832,0.0544370694205907,0.36040844963592233,0.08970987471692879
108,0.19711622560214606,0.19711622560214606,0.034005734650631746,0.6048924529809317,nan,nan,nan,nan,nan,0.2531904267688993,0.013913906329577664,0.8513817278672032,0.14104202443539282,0.05409756297168583,0.3584031780946602,0.0884241499395624
117,0.19711622560214606,0.19711622560214606,0.034005734650631746,0.6048924529809317,nan,nan,nan,nan,nan,0.2531904267688993,0.013913906329577664,0.8513817278672032,0.14104202443539282,0.05409756297168583,0.3584031780946602,0.08846156845981881
112,0.1975239452683638,0.1975239452683638,0.03417548787508418,0.6058950887515628,nan,nan,nan,nan,nan,0.2531904267688993,0.013913906329577664,0.8513817278672032,0.14185746376782832,0.0544370694205907,0.36040844963592233,0.08902965005085463
18,0.1975606893576285,0.1975606893576285,0.03687972440285213,0.5992631017445693,nan,nan,nan,nan,nan,0.2550323731615653,0.020114361661603873,0.8423274019114688,0.14008900555369172,0.05364508714410039,0.3561988015776699,0.09465103330026692
77,0.19766300553121108,0.19766300553121108,0.04007408626115948,0.59163530370634,nan,nan,nan,nan,nan,0.25523700550873046,0.026503085378218556,0.82707180583501,0.14008900555369172,0.05364508714410039,0.3561988015776699,0.09991583743917942
81,0.19766300553121108,0.19766300553121108,0.04007408626115948,0.59163530370634,nan,nan,nan,nan,nan,0.25523700550873046,0.026503085378218556,0.82707180583501,0.14008900555369172,0.05364508714410039,0.3561988015776699,0.09987131025868763
110,0.19854054178998062,0.19854054178998062,0.03402768993495937,0.6098226714275337,nan,nan,nan,nan,nan,0.2531904267688993,0.013913906329577664,0.8513817278672032,0.14389065681106195,0.054141473540341066,0.3682636149878641,0.0882351302013488
61,0.19874436885521635,0.19874436885521635,0.03285100264867029,0.6134777843715815,nan,nan,nan,nan,nan,0.2559669109739696,0.014933780997360183,0.858549735915493,0.1415218267364631,0.05076822429998039,0.3684058328276699,0.0846298645748142
22,0.1989044234274398,0.1989044234274398,0.037159779531191,0.6032660331680617,nan,nan,nan,nan,nan,0.2559513830870513,0.01988248964179129,0.8461236167002012,0.14185746376782832,0.0544370694205907,0.36040844963592233,0.09282303461037367
56,0.1989110386073121,0.1989110386073121,0.033952195338378365,0.6113081467796464,nan,nan,nan,nan,nan,0.25393142040356226,0.013762917136415665,0.8543526785714286,0.14389065681106195,0.054141473540341066,0.3682636149878641,0.08715871278471946
113,0.19901656241033422,0.19901656241033422,0.03285009424957775,0.6144327328122253,nan,nan,nan,nan,nan,0.2565112980842053,0.014931964199175108,0.8604596327967807,0.1415218267364631,0.05076822429998039,0.3684058328276699,0.08437368085739055
78,0.19902465807051706,0.19902465807051706,0.03652170712606657,0.6052820354316433,nan,nan,nan,nan,nan,0.2561918523732058,0.018606344831542436,0.8501556212273642,0.14185746376782832,0.0544370694205907,0.36040844963592233,0.09197114479920411
79,0.19902465807051706,0.19902465807051706,0.03652170712606657,0.6052820354316433,nan,nan,nan,nan,nan,0.2561918523732058,0.018606344831542436,0.8501556212273642,0.14185746376782832,0.0544370694205907,0.36040844963592233,0.09179961096578226
58,0.1991045883199909,0.1991045883199909,0.03281299350096433,0.6148335753675573,nan,nan,nan,nan,nan,0.25668734990351866,0.01485776270194827,0.8612613179074446,0.1415218267364631,0.05076822429998039,0.3684058328276699,0.08347169571966988
62,0.19927248019141422,0.19927248019141422,0.036486678719065045,0.6062369838722872,nan,nan,nan,nan,nan,0.2566874966150001,0.01853628801753939,0.8520655181086519,0.14185746376782832,0.0544370694205907,0.36040844963592233,0.09033493789359978
99,0.19942324478939422,0.19942324478939422,0.020013938769645627,0.6479465098387656,nan,nan,nan,nan,nan,0.26776933884725745,0.013046717243303257,0.9045758928571429,0.13107715073153095,0.026981160295987995,0.39131712682038833,0.06778322718479693
93,0.19954209172050608,0.19954209172050608,0.019996408477226366,0.6484062998287052,nan,nan,nan,nan,nan,0.2680070327094812,0.013011656658464738,0.9054954728370221,0.13107715073153095,0.026981160295987995,0.39131712682038833,0.0668105230579979
101,0.1996847953480107,0.1996847953480107,0.019988698585914,0.6489250372532525,nan,nan,nan,nan,nan,0.2682924399644905,0.012996236875840006,0.9065329476861167,0.13107715073153095,0.026981160295987995,0.39131712682038833,0.06644533511484857
63,0.1999636004861764,0.1999636004861764,0.03330127064111363,0.6166194250988333,nan,nan,nan,nan,nan,0.2580960994505382,0.014821083496346976,0.866283639336016,0.14183110152181463,0.05178145778588028,0.3669552108616505,0.08230993573091938
49,0.20036025882057373,0.20036025882057373,0.06006720283223778,0.5510928987914135,nan,nan,nan,nan,nan,0.23923618475322395,0.03137809326215934,0.7588814134808853,0.16148433288792352,0.08875631240231621,0.34330438410194175,0.12983404955098488
98,0.20075962112277002,0.20075962112277002,0.019376062819470304,0.6542185168810191,nan,nan,nan,nan,nan,0.27044209151400905,0.011770965342952614,0.9171199069416499,0.13107715073153095,0.026981160295987995,0.39131712682038833,0.0649111886801795
60,0.20209641399278785,0.20209641399278785,0.03446349038464718,0.6211787230131395,nan,nan,nan,nan,nan,0.2596436188457235,0.014648576444375089,0.8721312248490946,0.1445492091398522,0.054278404324919274,0.37022622117718446,0.08094969940773077
26,0.20230183513390387,0.20230183513390387,0.03042707199313438,0.6319887429858276,nan,nan,nan,nan,nan,0.2635769046235188,0.013166368686205954,0.8896032444668008,0.14102676564428898,0.04768777530006281,0.3743742415048544,0.07388875894295316
59,0.20273024198920497,0.20273024198920497,0.03294327038174966,0.6271976710078432,nan,nan,nan,nan,nan,0.26136127541108295,0.01356360750710559,0.8808554451710262,0.14409920856732703,0.05232293325639374,0.3735398968446602,0.07813811746259924
40,0.20283977900001027,0.20283977900001027,0.06459403545372401,0.5484541378657259,nan,nan,nan,nan,nan,0.24462900230943102,0.040396221945477054,0.7552109532193159,0.16105055569058954,0.08879184896197097,0.3416973225121359,0.13137903961223824
54,0.20286635006374137,0.20286635006374137,0.032935758305818914,0.6276928294585474,nan,nan,nan,nan,nan,0.2616334915601557,0.013548583355244087,0.8818457620724346,0.14409920856732703,0.05232293325639374,0.3735398968446602,0.07798005522208763
23,0.20358854892077372,0.20358854892077372,0.030887689956235583,0.635340696332119,nan,nan,nan,nan,nan,0.2645652472243979,0.013522005067879298,0.8921733526156942,0.14261185061714957,0.04825337484459187,0.3785080400485437,0.0716719668997054
102,0.20449636131101118,0.20449636131101118,0.022918292621545037,0.6584415330346765,nan,nan,nan,nan,nan,0.27150634691402303,0.012770480247036625,0.9183460135814889,0.13748637570799935,0.033066104996053454,0.3985370524878641,0.0630902861811719
27,0.20556101714350233,0.20556101714350233,0.034859086393950856,0.6323158440173811,nan,nan,nan,nan,nan,0.2635769046235188,0.013166368686205954,0.8896032444668008,0.1475451296634859,0.05655180410169576,0.37502844356796117,0.07446043552447242
24,0.20656061264843284,0.20656061264843284,0.031841493441504214,0.6433584106657542,nan,nan,nan,nan,nan,0.2664693723836481,0.0131508084598437,0.899765782193159,0.14665185291321756,0.05053217842316472,0.3869510391383495,0.06924224901501042
97,0.20723382643422525,0.20723382643422525,0.03177646662313086,0.6458772259619611,nan,nan,nan,nan,nan,0.2675096617384523,0.013041569693390497,0.9036798918511066,0.1469579911299982,0.050511363552871225,0.38807456007281554,0.06879804422628927
84,0.20874919637588646,0.20874919637588646,0.05789502160302498,0.58588463330804,nan,nan,nan,nan,nan,0.253134681389371,0.027115540866648496,0.818182532696177,0.1643637113624019,0.08867450233940147,0.3535867339199029,0.10486694073035106
87,0.20892505840369732,0.20892505840369732,0.05818742491692655,0.5857691421206243,nan,nan,nan,nan,nan,0.25252290372954056,0.027079600432624352,0.816131161971831,0.16532721307785408,0.08929524940122875,0.35540712226941745,0.10639024665232397
19,0.20907943120390474,0.20907943120390474,0.058196051867398,0.5862878795451715,nan,nan,nan,nan,nan,0.2528316493299554,0.027096854333567254,0.8171686368209256,0.16532721307785408,0.08929524940122875,0.35540712226941745,0.10605478421931958
20,0.20907943120390474,0.20907943120390474,0.058196051867398,0.5862878795451715,nan,nan,nan,nan,nan,0.2528316493299554,0.027096854333567254,0.8171686368209256,0.16532721307785408,0.08929524940122875,0.35540712226941745,0.10577109614218916
21,0.20907943120390474,0.20907943120390474,0.058196051867398,0.5862878795451715,nan,nan,nan,nan,nan,0.2528316493299554,0.027096854333567254,0.8171686368209256,0.16532721307785408,0.08929524940122875,0.35540712226941745,0.105310234389139
69,0.20976113536730434,0.20976113536730434,0.022707571228541064,0.6773950457142125,nan,nan,nan,nan,nan,0.278235031917667,0.011466921948315275,0.9451553068410463,0.14128723881694166,0.033948220508766856,0.4096347845873786,0.05155820665234645
71,0.20976113536730434,0.20976113536730434,0.022707571228541064,0.6773950457142125,nan,nan,nan,nan,nan,0.278235031917667,0.011466921948315275,0.9451553068410463,0.14128723881694166,0.033948220508766856,0.4096347845873786,0.05168757356674781
67,0.2097986286177384,0.2097986286177384,0.02256199839886705,0.6778902041649166,nan,nan,nan,nan,nan,0.27831001841853514,0.011175776288967246,0.9461456237424547,0.14128723881694166,0.033948220508766856,0.4096347845873786,0.05107446541490911
85,0.20990757135824983,0.20990757135824983,0.05795473876079747,0.5897896528518807,nan,nan,nan,nan,nan,0.25446919464970175,0.026993794038757457,0.8231576961770624,0.16534594806679795,0.08891568348283749,0.35642160952669905,0.10345589867291424
70,0.20991409482197618,0.20991409482197618,0.02253501929405547,0.6783617836417778,nan,nan,nan,nan,nan,0.2785409508270107,0.011121818079344085,0.947088782696177,0.14128723881694166,0.033948220508766856,0.4096347845873786,0.05043757509075977
68,0.21003156188863104,0.21003156188863104,0.05793969371258667,0.5902612323287418,nan,nan,nan,nan,nan,0.2547171757104641,0.026963703942335847,0.8241008551307847,0.16534594806679795,0.08891568348283749,0.35642160952669905,0.10209425380976266
16,0.21004333300584846,0.21004333300584846,0.022527320960732178,0.678833363118639,nan,nan,nan,nan,nan,0.27879942719475526,0.011106421412697496,0.9480319416498993,0.14128723881694166,0.033948220508766856,0.4096347845873786,0.050139275127517036
83,0.21027406789128217,0.21027406789128217,0.05789250694527211,0.5912279702563072,nan,nan,nan,nan,nan,0.2552021877157664,0.026869330407706726,0.8260343309859155,0.16534594806679795,0.08891568348283749,0.35642160952669905,0.1015736866445725
82,0.21029147678776422,0.21029147678776422,0.05770938443052802,0.5917467076808546,nan,nan,nan,nan,nan,0.25523700550873046,0.026503085378218556,0.82707180583501,0.16534594806679795,0.08891568348283749,0.35642160952669905,0.10112546390335629
17,0.2109205540010035,0.2109205540010035,0.025218845248657376,0.6751748258818688,nan,nan,nan,nan,nan,0.27756505751720273,0.012085170061307157,0.9412647761569416,0.14427605048480432,0.0383525204360076,0.40908487560679613,0.05364382878965024
74,0.2110013761234223,0.2110013761234223,0.0847374047024917,0.5266613046757487,nan,nan,nan,nan,nan,0.2595854565691349,0.07558953356298603,0.719575264084507,0.16241729567770966,0.09388527584199738,0.3337473452669903,0.15235932145301048
53,0.21210433469223233,0.21210433469223233,0.0816964664356936,0.5381240053335792,nan,nan,nan,nan,nan,0.2593713463263629,0.06578588083276318,0.7433350100603622,0.16483732305810178,0.09760705203862402,0.33291300060679613,0.13920291628783532
51,0.21310833759005304,0.21310833759005304,0.0786414837775706,0.5492754721212592,nan,nan,nan,nan,nan,0.26516611948951657,0.06849111859317022,0.7568536217303823,0.16105055569058954,0.08879184896197097,0.3416973225121359,0.13361803933420807
121,0.21310833759005304,0.21310833759005304,0.0786414837775706,0.5492754721212592,nan,nan,nan,nan,nan,0.26516611948951657,0.06849111859317022,0.7568536217303823,0.16105055569058954,0.08879184896197097,0.3416973225121359,0.13366614975285165
48,0.21472665131742552,0.21472665131742552,0.07778850419876461,0.5570720191140777,nan,nan,nan,nan,nan,0.24119703244376445,0.031425845421270214,0.765625,0.18825627019108657,0.12415116297625901,0.34851903822815533,0.1274968189446012
50,0.21529799809709277,0.21529799809709277,0.07816363240874538,0.5581339123179612,nan,nan,nan,nan,nan,0.24120602992555154,0.03143844189577212,0.765625,0.18938996626863397,0.12488882292171863,0.35064282463592233,0.12660450401488815
44,0.21543867812508866,0.21543867812508866,0.0781766684519638,0.5585937023079008,nan,nan,nan,nan,nan,0.24148738998154337,0.031464513982208994,0.7665445799798792,0.18938996626863397,0.12488882292171863,0.35064282463592233,0.12600710818590433
120,0.21553295900430297,0.21553295900430297,0.07812474568688796,0.5590534922978405,nan,nan,nan,nan,nan,0.24167595173997197,0.03136066845205728,0.7674641599597586,0.18938996626863397,0.12488882292171863,0.35064282463592233,0.1254521545814378
45,0.217205176057202,0.217205176057202,0.07654854644003664,0.5688467501001153,nan,nan,nan,nan,nan,0.2446712712738776,0.02930097193634611,0.7830970196177063,0.18973908084052638,0.12379612094372716,0.3545964805825243,0.12108166032055839
103,0.21748650875944991,0.21748650875944991,0.07657278891598618,0.5697708083681091,nan,nan,nan,nan,nan,0.24496379292061785,0.02929551230214463,0.7841344944668008,0.19000922459828196,0.12385006552982773,0.35540712226941745,0.11985762997513894
107,0.2181073757560612,0.2181073757560612,0.07645531040937253,0.5722375391227829,nan,nan,nan,nan,nan,0.24581513029290833,0.028931172349709454,0.7880250251509054,0.19039962121921408,0.12397944846903561,0.3564500530946602,0.11884627201913417
111,0.2183788545046485,0.2183788545046485,0.07644396969159996,0.5732160665372698,nan,nan,nan,nan,nan,0.2463580877900829,0.028908490914164302,0.7899820799798792,0.19039962121921408,0.12397944846903561,0.3564500530946602,0.11845045216987132
52,0.21890471354197816,0.21890471354197816,0.07644084560673972,0.5750643833800742,nan,nan,nan,nan,nan,0.24720299849752217,0.0289312803915008,0.7928822937625755,0.19060642858643412,0.12395041082197863,0.35724647299757284,0.11501478004811322
119,0.2206161953690496,0.2206161953690496,0.10227840340876473,0.5164606752697618,nan,nan,nan,nan,nan,0.25840291830855683,0.07843284820743224,0.7083280935613682,0.1828294724295424,0.12612395861009723,0.32459325697815533,0.1627042682023351
86,0.2213586205643263,0.2213586205643263,0.07508129264654527,0.587051940358779,nan,nan,nan,nan,nan,0.25198302667533645,0.02711602607786536,0.8141505281690141,0.1907342144533162,0.12304655921522518,0.3599533525485437,0.10709836996370328
116,0.2214852484101266,0.2214852484101266,0.10231400190649542,0.5194133646692045,nan,nan,nan,nan,nan,0.2591325517372935,0.07826595472597349,0.7112990442655935,0.1838379450829597,0.12636204908701734,0.32752768507281554,0.1619512087371437
88,0.22385440837138493,0.22385440837138493,0.09975399172858297,0.5341054499783897,nan,nan,nan,nan,nan,0.2562728180020677,0.06527716653086255,0.7337619466800804,0.19143599874070216,0.1342308169263034,0.33444895327669905,0.1454683287319244
89,0.22385440837138493,0.22385440837138493,0.09975399172858297,0.5341054499783897,nan,nan,nan,nan,nan,0.2562728180020677,0.06527716653086255,0.7337619466800804,0.19143599874070216,0.1342308169263034,0.33444895327669905,0.14650772257994568
90,0.22385440837138493,0.22385440837138493,0.09975399172858297,0.5341054499783897,nan,nan,nan,nan,nan,0.2562728180020677,0.06527716653086255,0.7337619466800804,0.19143599874070216,0.1342308169263034,0.33444895327669905,0.146417641939818
91,0.22385440837138493,0.22385440837138493,0.09975399172858297,0.5341054499783897,nan,nan,nan,nan,nan,0.2562728180020677,0.06527716653086255,0.7337619466800804,0.19143599874070216,0.1342308169263034,0.33444895327669905,0.14628809522053168
92,0.225184047971722,0.225184047971722,0.10251620396985972,0.5318536579763777,nan,nan,nan,nan,nan,0.25893209720274185,0.07080159101341606,0.7292583626760564,0.19143599874070216,0.1342308169263034,0.33444895327669905,0.14787488671623675
34,0.2329536868634407,0.2329536868634407,0.1272568301821502,0.497195828566667,nan,nan,nan,nan,nan,0.250549730013337,0.08164235843718294,0.6728181589537223,0.21535764371354438,0.17287130192711747,0.32157349817961167,0.17615255383604206
30,0.23320926311868487,0.23320926311868487,0.12719964699985417,0.49823330341576155,nan,nan,nan,nan,nan,0.25106088252382536,0.08152799207259086,0.6748931086519114,0.21535764371354438,0.17287130192711747,0.32157349817961167,0.17568207512743722
72,0.2361159053133844,0.2361159053133844,0.12036517964803761,0.5254927194767512,nan,nan,nan,nan,nan,0.2586166721320832,0.07495003615594266,0.7177832620724346,0.21361513849468558,0.16578032314013258,0.33320217688106796,0.15444304776590057
28,0.2362236640330148,0.2362236640330148,0.12645784597208853,0.5106382091853304,nan,nan,nan,nan,nan,0.2558899280170551,0.07848609037075845,0.6993995221327968,0.2165574000489745,0.17442960157341864,0.3218768962378641,0.16658545546432513
115,0.23634038108722671,0.23634038108722671,0.12717299783591277,0.5092588392155115,nan,nan,nan,nan,nan,0.2561233621254789,0.07991639409840691,0.696640782193159,0.2165574000489745,0.17442960157341864,0.3218768962378641,0.16732364173147768
118,0.2363703076062283,0.2363703076062283,0.1264556520047685,0.5111569466098778,nan,nan,nan,nan,nan,0.2561832151634821,0.07848170243611834,0.7004369969818913,0.2165574000489745,0.17442960157341864,0.3218768962378641,0.1664373235610102
29,0.23672315827815082,0.23672315827815082,0.12710054837805562,0.5107796830283888,nan,nan,nan,nan,nan,0.25688891650732715,0.07977149518269264,0.6996824698189135,0.2165574000489745,0.17442960157341864,0.3218768962378641,0.16682175849833086
73,0.2374531974187632,0.2374531974187632,0.1229181799578191,0.5237907410711233,nan,nan,nan,nan,nan,0.25997720781941636,0.07792055573591525,0.715118838028169,0.21492918701811004,0.16791580417972296,0.33246264411407767,0.157112043100039
32,0.23767594080098706,0.23767594080098706,0.12280649768290634,0.5248495485961888,nan,nan,nan,nan,nan,0.26055758863323614,0.07790310899598732,0.7171937877263581,0.21479429296873798,0.16770988636982537,0.3325053094660194,0.15668703671172401
33,0.24603571093699023,0.24603571093699023,0.14816509156283625,0.49071225937237506,nan,nan,nan,nan,nan,0.2499287472794143,0.08690037194570717,0.6574996856136821,0.24214267459456612,0.20942981117996534,0.32392483313106796,0.18560647008203957
31,0.24613488603581402,0.24613488603581402,0.14637090724410728,0.4955448330150808,nan,nan,nan,nan,nan,0.24914840653575301,0.08177117458264976,0.6675914864185111,0.24312136553587502,0.2109706399055648,0.3234981796116505,0.17845371838421797
94,0.24710069127059836,0.24710069127059836,0.14821334178317927,0.494319064989146,nan,nan,nan,nan,nan,0.2514460653365121,0.08686163935844086,0.6629071302816901,0.24275531720468466,0.2095650442079177,0.32573099969660196,0.18309343823819718
96,0.24710069127059836,0.24710069127059836,0.14821334178317927,0.494319064989146,nan,nan,nan,nan,nan,0.2514460653365121,0.08686163935844086,0.6629071302816901,0.24275531720468466,0.2095650442079177,0.32573099969660196,0.1832778771780917
95,0.25586878727656975,0.25586878727656975,0.1645969575544741,0.4840483615818088,nan,nan,nan,nan,nan,0.24200084697803728,0.08190040609118378,0.642251949195171,0.2697367275751022,0.24729350901776442,0.3258447739684466,0.1908447555291447
39,0.2607476116616608,0.2607476116616608,0.17762585954930382,0.46855199194255337,nan,nan,nan,nan,nan,0.23591890112329597,0.08249659738750362,0.6194746604627767,0.2855763222000257,0.272755121711104,0.3176293234223301,0.20445554312813324
42,0.2607476116616608,0.2607476116616608,0.17762585954930382,0.46855199194255337,nan,nan,nan,nan,nan,0.23591890112329597,0.08249659738750362,0.6194746604627767,0.2855763222000257,0.272755121711104,0.3176293234223301,0.20399008447891137
41,0.26094084528165123,0.26094084528165123,0.18009709084264253,0.46305023137917306,nan,nan,nan,nan,nan,0.23630536836327679,0.08743905997418103,0.608471139336016,0.2855763222000257,0.272755121711104,0.3176293234223301,0.2102202572069112
38,0.26300124449257667,0.26300124449257667,0.1772988862120009,0.47725714019401605,nan,nan,nan,nan,nan,0.23939178195833713,0.08156449071752711,0.6339600100603622,0.28661070702681624,0.27303328170647473,0.3205542703276699,0.19863994809123467
43,0.26593657520708114,0.26593657520708114,0.19034563112587594,0.45491393541009406,nan,nan,nan,nan,nan,0.23549403095926535,0.09101269465081854,0.5966973717303823,0.296379119454897,0.28967856760093336,0.31313049908980584,0.21893235087188387
66,0.28308331771453604,0.28308331771453604,0.2154336717496677,0.4522074326267068,nan,nan,nan,nan,nan,0.23298595962762433,0.08900101752293964,0.592948314889336,0.3331806758014477,0.34186632597639577,0.31146655036407767,0.23213451727416115
65,0.3032817608511022,0.3032817608511022,0.24530859180498588,0.448214683466393,nan,nan,nan,nan,nan,0.24006925222563374,0.10474949335733592,0.5783686493963782,0.36649426947657066,0.38586769025263584,0.31806071753640774,0.23859077000416115
12,0.306330534125816,0.306330534125816,0.2540082163094295,0.43713632866678226,nan,nan,nan,nan,nan,0.2706075368944802,0.15273448022370079,0.5652901785714286,0.34205353135715183,0.35528195239515814,0.3089824787621359,0.24736842105263157
13,0.30639976054358903,0.30639976054358903,0.25392121729833583,0.4375961186567219,nan,nan,nan,nan,nan,0.2707459897300262,0.15256048220151355,0.5662097585513078,0.34205353135715183,0.35528195239515814,0.3089824787621359,0.24630631656044893
11,0.3264432882435393,0.3264432882435393,0.2864399022519101,0.42645175322261236,nan,nan,nan,nan,nan,0.2911095637232655,0.18671586406166624,0.5520938128772636,0.36177701276381313,0.38616394044215396,0.30080969356796117,0.2637244809113064
114,0.3264432882435393,0.3264432882435393,0.2864399022519101,0.42645175322261236,nan,nan,nan,nan,nan,0.2911095637232655,0.18671586406166624,0.5520938128772636,0.36177701276381313,0.38616394044215396,0.30080969356796117,0.2643573507324822
105,0.3949749927185195,0.3949749927185195,0.41044394526947775,0.3563026113411237,nan,nan,nan,nan,nan,0.36247084348627656,0.31586901488481123,0.4789754149899396,0.4274791419507624,0.5050188756541443,0.2336298076923077,0.3562638900543633
104,0.4216754529854287,0.4216754529854287,0.46934721623724834,0.30249604485587944,nan,nan,nan,nan,nan,0.30768357760292364,0.2905277066960411,0.35057325487012986,0.5356673283679337,0.6481667257784556,0.25441883484162897,0.43620599906038426
15,0.43203924936125804,0.43203924936125804,0.4421961333077473,0.4066470394950347,nan,nan,nan,nan,nan,0.29612373910263123,0.19868100637346237,0.5397305709255533,0.5679547596198848,0.6857112602420323,0.2735635080645161,0.27112082643288354
10,0.43612493240577876,0.43612493240577876,0.450832039571158,0.39935716449233033,nan,nan,nan,nan,nan,0.30578830293393416,0.21594316133084784,0.5304011569416499,0.5664615618776233,0.6857209178114683,0.26831317204301075,0.2868421052631579
7,0.43970686001504417,0.43970686001504417,0.46099009838509547,0.38649876408991585,nan,nan,nan,nan,nan,0.312952158152465,0.23625927895872265,0.5046843561368209,0.5664615618776233,0.6857209178114683,0.26831317204301075,0.30515283762056683
3,0.4402075953474419,0.4402075953474419,0.4629312486143845,0.38339846218008533,nan,nan,nan,nan,nan,0.3284626929464048,0.2586468143905602,0.503002389336016,0.5519524977484791,0.6672156828382088,0.26379453502415456,0.3258749298536406
4,0.4402075953474419,0.4402075953474419,0.4629312486143845,0.38339846218008533,nan,nan,nan,nan,nan,0.3284626929464048,0.2586468143905602,0.503002389336016,0.5519524977484791,0.6672156828382088,0.26379453502415456,0.32631578947368417
0,0.4474621274120141,0.4474621274120141,0.47218386610101426,0.3856577806895134,nan,nan,nan,nan,nan,0.3284626929464048,0.2586468143905602,0.503002389336016,0.5664615618776233,0.6857209178114683,0.26831317204301075,0.3228115420561065
1,0.4474621274120141,0.4474621274120141,0.47218386610101426,0.3856577806895134,nan,nan,nan,nan,nan,0.3284626929464048,0.2586468143905602,0.503002389336016,0.5664615618776233,0.6857209178114683,0.26831317204301075,0.31997095102348155
2,0.452185913283378,0.452185913283378,0.48132168845372053,0.3793464753575215,nan,nan,nan,nan,nan,0.33791026468913266,0.2769224590959728,0.4903797786720322,0.5664615618776233,0.6857209178114683,0.26831317204301075,0.3190322053476838
6,0.452185913283378,0.452185913283378,0.48132168845372053,0.3793464753575215,nan,nan,nan,nan,nan,0.33791026468913266,0.2769224590959728,0.4903797786720322,0.5664615618776233,0.6857209178114683,0.26831317204301075,0.31807578587009977
5,0.4524473875156616,0.4524473875156616,0.4812727624392798,0.38038395020661603,nan,nan,nan,nan,nan,0.3384332131536999,0.27682460706709133,0.4924547283702213,0.5664615618776233,0.6857209178114683,0.26831317204301075,0.3175622455547227
25,0.4558893769738883,0.4558893769738883,0.5970381762328313,0.10301737882653061,nan,nan,nan,nan,nan,0.31897833575052087,0.42509326698950467,0.05369100765306122,0.5928004181972557,0.7689830854761579,0.15234375,0.7542344004041575
76,0.4558893769738883,0.4558893769738883,0.5970381762328313,0.10301737882653061,nan,nan,nan,nan,nan,0.31897833575052087,0.42509326698950467,0.05369100765306122,0.5928004181972557,0.7689830854761579,0.15234375,0.7579486932309628
8,0.4926288936732754,0.4926288936732754,0.5459241637836727,0.35939071839728176,nan,nan,nan,nan,nan,0.4187962254689275,0.40612740975587724,0.45046826475155277,0.5664615618776233,0.6857209178114683,0.26831317204301075,0.29456244695939326
9,0.49287495614690136,0.49287495614690136,0.545657238203271,0.36091925100597744,nan,nan,nan,nan,nan,0.41928835041617946,0.4055935585950735,0.4535253299689441,0.5664615618776233,0.6857209178114683,0.26831317204301075,0.2921184950297944
75,0.5091211849248228,0.5091211849248228,0.679175908894752,0.083984375,nan,nan,nan,nan,nan,0.42544195165238996,0.589368732313346,0.015625,0.5928004181972557,0.7689830854761579,0.15234375,0.7889999379765381
14,0.5125721786088331,0.5125721786088331,0.5736106080315545,0.35997610505202937,nan,nan,nan,nan,nan,0.38825883044746545,0.3680499129282625,0.43878112424547283,0.6368855267702006,0.7791713031348465,0.28117108585858586,0.3858888374661852
46,0.5303833361170758,0.5303833361170758,0.6043089297503379,0.3455693520339207,nan,nan,nan,nan,nan,0.42388114546395106,0.42944655636582924,0.40996761820925554,0.6368855267702006,0.7791713031348465,0.28117108585858586,0.37998944292487413
37,0.578513287350464,0.578513287350464,0.7054052810437237,0.261283303117315,nan,nan,nan,nan,nan,0.4681266772548079,0.5400573028851012,0.28830011317907445,0.6888998974461202,0.8707532592023461,0.23426649305555555,0.4955610113285464
36,0.6622587657901005,0.6622587657901005,0.8252065254618453,0.25488936661073824,nan,nan,nan,nan,nan,0.39507217322051824,0.47731454922013483,0.18946623322147652,0.9294453583596828,1.1730985017035558,0.3203125,0.5747716389401119
35,0.6654888921576874,0.6654888921576874,0.8288179921862298,0.25716614208633093,nan,nan,nan,nan,nan,0.40623270072085155,0.48799286734012737,0.20183228417266186,0.9247450835945231,1.1696431170323323,0.3125,0.5599737828595321
100,0.6793014581124734,0.6793014581124734,0.8762994417197816,0.1868064990942029,nan,nan,nan,nan,nan,0.5372200623447732,0.72766288800732,0.0611129981884058,0.8213828538801737,1.0249359954322432,0.3125,0.6612516043517587
