trial,original_score,new_score,phys_score,patch_ratio,error_vx,error_vy,error_Bx,error_By,error_Jz,new_loss_kh,phys_kh,patch_kh,new_loss_vortex,phys_vortex,patch_vortex,new_loss_tearing,phys_tearing,patch_tearing,new_loss_coalescence,phys_coalescence,patch_coalescence,param_beta,param_threshold_amr,param_gamma_hydro,param_gamma_mag,param_kappa,param_w_z_frac,param_beta_grad,param_beta_curl,param_beta_xpoint
6,0.1594455816470639,0.1583426590497986,0.16284258324664108,0.1470928485576923,nan,nan,nan,nan,nan,0.1434770034112658,0.0381754970834644,0.40673076923076923,0.2620880013670518,0.3442669519138725,0.056640625,0.17763992761306407,0.22369589865828968,0.0625,0.050165703807812656,0.04523198533093771,0.0625,0.7659020170729317,0.6036832980170763,0.7861787293582458,3.2176779372596886,7.184613808396653,0.4053850346425618,0.43319125381732965,0.8663825076346593,0.21659562690866482
36,0.1617633605850321,0.16011209899433554,0.16684924628437744,0.14326923076923076,nan,nan,nan,nan,nan,0.1417381150139557,0.03951509178876873,0.3972956730769231,0.27090464954250976,0.3589540093595136,0.05078125,0.17763992761306407,0.22369589865828968,0.0625,0.050165703807812656,0.04523198533093771,0.0625,0.6880425345205792,0.6707396818570198,0.7316345525029209,3.4935671092977634,9.013092041751035,0.2563394975979904,0.3687462755892876,0.3687462755892876,0.3687462755892876
21,0.16735192232107535,0.16799186057537496,0.16538091249783257,0.17451923076923076,nan,nan,nan,nan,nan,0.17325716133811322,0.03364175664258928,0.522295673076923,0.27090464954250976,0.3589540093595136,0.05078125,0.17763992761306407,0.22369589865828968,0.0625,0.050165703807812656,0.04523198533093771,0.0625,0.5707464616752698,0.6578096630899084,0.8843851549875001,3.0145174958314995,10.69677084276053,0.26801757790900826,0.5778537617181949,0.28892688085909746,0.14446344042954873
38,0.17569982540658619,0.1764948514047962,0.17325114533209926,0.18460411658653847,nan,nan,nan,nan,nan,0.2059699777512622,0.06213200731330552,0.5655649038461539,0.27220379644704584,0.3619446900258641,0.0478515625,0.17763992761306407,0.22369589865828968,0.0625,0.050165703807812656,0.04523198533093771,0.0625,0.6880425345205792,0.6707396818570198,0.7316345525029209,3.4935671092977634,9.013092041751035,0.2563394975979904,0.3687462755892876,0.7374925511785752,0.1843731377946438
84,0.1806802110348674,0.17758173805871164,0.19022350780142705,0.14597731370192307,nan,nan,nan,nan,nan,0.18707029050454152,0.08810032978328117,0.4344951923076923,0.2954510303094283,0.40386581743319966,0.0244140625,0.17763992761306407,0.22369589865828968,0.0625,0.050165703807812656,0.04523198533093771,0.0625,1.9393811012872646,0.6982362558735886,2.14494452308192,2.5858443801358066,11.885670879769892,0.4274986358127286,0.8038376115337511,1.5513681588132506,0.6840188684141705
7,0.19571828641479172,0.19654665027204787,0.19316692573444277,0.2049959616160606,nan,nan,nan,nan,nan,0.1866942483582718,0.03178060154773436,0.5739783653846153,0.25640909881395163,0.33514461333953227,0.0595703125,0.26232819836859944,0.3350567338136002,0.08050685975609756,0.0807550555473686,0.07068575423690426,0.10592830882352941,0.7659020170729317,0.6036832980170763,0.7861787293582458,3.2176779372596886,7.184613808396653,0.4053850346425618,0.21659562690866482,0.21659562690866482,0.8663825076346593
52,0.15083482491540795,0.1983632505628081,0.004447273921415456,0.6831531921662897,nan,nan,nan,nan,nan,0.21742907544730677,0.005794936395460204,0.7465144230769231,0.2014585920544989,0.007823278876298393,0.685546875,0.18097655240347887,0.0033671733648704114,0.625,0.1935887823459478,0.0008037070490328147,0.6755514705882353,4.441275041962883,0.2481770355189367,2.3569820001699866,1.1566209652881896,13.28512278152799,0.49259437288557695,1.480729077009881,0.8161027673009308,1.356933878340058
9,0.1603944879820475,0.20578515658782698,0.02059122867624657,0.6687699763667778,nan,nan,nan,nan,nan,0.2047250143800365,0.002336173978204975,0.7106971153846153,0.22661927942283105,0.07234511619196343,0.6123046875,0.20030372857653453,0.0068733907388556365,0.6838795731707317,0.19149260397190582,0.0008102337959622341,0.6681985294117647,0.8,0.3,2.0,0.5,15.0,0.1,2.0,1.0,0.5
42,0.15623067025475318,0.20598369434235886,0.002991356064927583,0.713464540035937,nan,nan,nan,nan,nan,0.23736694405214326,0.0016166062883851244,0.8267427884615385,0.2072111702198621,0.005330013307806893,0.7119140625,0.18482000560188133,0.0041748371109265135,0.6364329268292683,0.19453665749554877,0.0008439675525918011,0.6787683823529411,1.1293931448360415,0.22231192587760315,2.918609436364993,1.0400589964245692,13.384185758173082,0.12140560257802117,1.9002689254084897,1.3562054777204222,0.3384137120594697
29,0.16207837876325792,0.20836143818631264,0.019526555740249394,0.6804486443014706,nan,nan,nan,nan,nan,0.22661175200894831,0.0016314528125275518,0.7890625,0.23159084221682677,0.0722740541035575,0.6298828125,0.18097655240347887,0.0033671733648704114,0.625,0.1942666061159965,0.0008335426800421153,0.6778492647058824,0.5,0.3,2.0,0.5,15.0,0.2,2.0,1.0,0.5
80,0.15957172760039168,0.208606030603811,0.008546074349860225,0.7087559212386878,nan,nan,nan,nan,nan,0.23965574735959463,0.0026574693803555014,0.8321514423076923,0.2095287397770395,0.026933985687855266,0.666015625,0.18097655240347887,0.0033671733648704114,0.625,0.20426308287513095,0.0012256689663597204,0.7118566176470589,0.6389491212771717,0.27102712659285805,2.1478734869591145,0.29607382900701074,14.456011771933236,0.3915436562225423,0.4329220437024936,0.9391826009108234,0.22468056340320566
83,0.16563803721875936,0.21123161442071442,0.02520981943673773,0.6762861018806561,nan,nan,nan,nan,nan,0.21480898385873948,0.0016941158637736944,0.7475961538461539,0.24542647433940415,0.09476893907516575,0.6220703125,0.18097655240347887,0.0033671733648704114,0.625,0.2037144470812352,0.0010090494431410624,0.7104779411764706,0.7524908078045784,0.33344235563222296,1.0739193985063642,0.36043889686786934,12.00094817263022,0.42755502151919844,0.5761352645655387,0.5661340004214266,0.6943788564757971
82,0.16582818717381365,0.21160436416591014,0.024837562038156482,0.6785213694852942,nan,nan,nan,nan,nan,0.20172464599645887,0.0033520043950423907,0.69765625,0.2436333297035365,0.08874291158495101,0.630859375,0.196262786247631,0.006017900746683394,0.671875,0.2047966947160141,0.0012374314259491338,0.7136948529411765,0.6389628690887331,0.3345773684120355,1.029665476942948,0.29648237571861746,4.963813093149729,0.23318828251616336,0.33634576159669227,0.5667065539160135,0.7142551463378384
31,0.16544388869090842,0.21393183398976506,0.01610101717042993,0.7085088760381029,nan,nan,nan,nan,nan,0.19569841444102015,0.0017662417558897685,0.6805288461538461,0.21961224560349246,0.053550893844889445,0.634765625,0.23056038141493565,0.00830282666383671,0.786204268292683,0.209856294499612,0.0007841064171037902,0.7325367647058824,0.5,0.3,2.0,0.5,15.0,0.2,0.5,0.5,2.0
30,0.16613909507983665,0.21399744689352085,0.018735371493689333,0.7021526353930996,nan,nan,nan,nan,nan,0.24846563008425218,0.0018663051948760723,0.8649639423076924,0.22512587043378604,0.06869184360730042,0.6162109375,0.18097655240347887,0.0033671733648704114,0.625,0.20142173465256624,0.0010161638077104255,0.7024356617647058,0.5,0.3,2.0,0.5,15.0,0.2,1.0,2.0,0.5
58,0.16408876279057982,0.2144949273435076,0.00883777596756223,0.7286378057833711,nan,nan,nan,nan,nan,0.20901493059097817,0.001731479750446309,0.7272235576923077,0.21418035132716987,0.029149366858037817,0.6767578125,0.18097655240347887,0.0033671733648704114,0.625,0.2538078750524036,0.0011030838968943831,0.8855698529411765,0.9367124155025277,0.24998908393762798,0.5228967494024241,1.2514313110535178,6.406179087986721,0.4485146932214606,1.3111620852609147,0.8845353643104895,0.24830467099166686
14,0.16747320295137025,0.21630205847802525,0.017080327929272842,0.7143563848499062,nan,nan,nan,nan,nan,0.21097655765697254,0.001977757642838423,0.7334735576923077,0.22087667808396835,0.056102349317555686,0.6328125,0.2329829667747443,0.009407860801715177,0.791920731707317,0.2003720313964158,0.0008333439549820774,0.69921875,0.8,0.3,2.0,0.5,15.0,0.2,1.0,2.0,0.5
77,0.17077178166294793,0.21716406361847262,0.027883553239931868,0.6903653395648245,nan,nan,nan,nan,nan,0.22328503148053586,0.005075005611211741,0.7688100961538461,0.24596561892585952,0.09942999149620327,0.6123046875,0.19247900085500863,0.0057510890018901105,0.6592987804878049,0.20692660321248657,0.0012781268504223448,0.7210477941176471,1.364299869281801,0.3310890247449038,0.602865389940128,3.168931918561556,14.30595457399114,0.23178216427409867,0.4294663655413369,0.9628850449950928,0.2091198094193467
41,0.18400206782468462,0.2180337992983414,0.07918433488582163,0.5651574603296408,nan,nan,nan,nan,nan,0.192299290547252,0.0017670836892296968,0.6686298076923077,0.28348449024885625,0.29883141134839875,0.2451171875,0.18706922007711213,0.005037152010395994,0.6421493902439024,0.20928219632014522,0.011101692495262107,0.7047334558823529,1.1395635245281357,0.41534651441457643,3.0799860207745664,0.132257738552102,1.6183395098671376,0.13292525117945628,1.9082604818615736,1.2898191836381687,0.3203713162178167
34,0.1684314536681506,0.21811816126744799,0.015396394262314757,0.7249225787802809,nan,nan,nan,nan,nan,0.21301624449342854,0.0025015884446460512,0.7393028846153846,0.22178124687089587,0.05385312061925416,0.6416015625,0.1848165531590262,0.004170003690929364,0.6364329268292683,0.25285860054644127,0.001060864294429465,0.8823529411764706,0.5,0.3,2.0,0.5,15.0,0.2,0.3,0.6,0.15
28,0.1687714328532613,0.21817597894248814,0.016605430898442627,0.7221023490526018,nan,nan,nan,nan,nan,0.24182991365717738,0.0018791868123560047,0.8417067307692307,0.21375986035597694,0.05981067949836767,0.5986328125,0.18097655240347887,0.0033671733648704114,0.625,0.23613758935331933,0.0013646839181764168,0.8230698529411765,0.5,0.3,2.0,0.5,15.0,0.2,1.0,1.0,1.0
78,0.16643035083289376,0.218521583583672,0.005989353960496855,0.7498521576416097,nan,nan,nan,nan,nan,0.21461561532558746,0.006471476840437804,0.7349759615384616,0.19961713280452875,0.01032336092634025,0.6728515625,0.19897992232982115,0.006277683944676373,0.680735518292683,0.2608736638747505,0.0008848941305329896,0.9108455882352942,1.888075030424376,0.2701841418930928,2.14552956286066,1.9660093606853635,4.435900408318204,0.43339157879962464,0.40490182133522773,1.6453999048126875,0.20942018907619836
65,0.17918344148081258,0.22171329483669916,0.04819149314468195,0.655517799066742,nan,nan,nan,nan,nan,0.19138859124818208,0.0017901815936087982,0.6653846153846154,0.31567508104800707,0.1864763634672098,0.638671875,0.18097655240347887,0.0033671733648704114,0.625,0.19881295464712853,0.001132254153038774,0.6930147058823529,0.9376677304775897,0.35417470503018383,1.810289763224702,1.5963357680173398,6.287070767342223,0.3953912970206844,1.1640860680550242,0.663640492332951,0.583726337314323
76,0.16993647105914803,0.22173180825256955,0.010406832503409713,0.7500442476254691,nan,nan,nan,nan,nan,0.20788647901525328,0.006738186005969956,0.7107572115384615,0.2178784169840864,0.02729540877772092,0.6943359375,0.20592309379123083,0.006508794722357293,0.7044588414634146,0.25523924321970765,0.001084940507590683,0.890625,1.4086285332105535,0.26930625905575173,2.1373199184975027,1.9308955233293368,11.906056293564468,0.4260590829651035,0.3467412624859599,1.0004156745582413,0.2125012269464055
55,0.16853938236547286,0.22216780840340528,0.0033638301686410646,0.7691777539903156,nan,nan,nan,nan,nan,0.2366029137619584,0.003744079266741724,0.81875,0.20578604147251428,0.002944208061519966,0.712890625,0.19417795200986618,0.005843035252836986,0.665015243902439,0.2521043263692822,0.0009239980934655839,0.8800551470588235,4.142953182733027,0.20115765663259333,2.3005169419860074,1.2367307646472292,13.597109504781542,0.4890122005494648,1.3736747340632975,0.8520176370350823,0.4160756703506992
74,0.174368908758655,0.22222574564000286,0.02696985116410354,0.7103654818297511,nan,nan,nan,nan,nan,0.1996237519421871,0.0017809450267542268,0.6942307692307692,0.25769987054415633,0.10179544376181889,0.6474609375,0.18097655240347887,0.0033671733648704114,0.625,0.2506028076701891,0.0009358425029706307,0.8747702205882353,0.6309153239022651,0.3387190989391014,1.488381048596962,1.8099952309683571,4.686538330410846,0.43550648927373836,0.33898928705496306,0.9375748197632534,0.21525701965586747
40,0.1689579352512102,0.2224809234066823,0.004107131732355985,0.7684154025924982,nan,nan,nan,nan,nan,0.2467523389565291,0.001559043769909935,0.8597355769230769,0.2113768024415228,0.009599398418131918,0.7158203125,0.1848165531590262,0.004170003690929364,0.6364329268292683,0.24697799906965115,0.001100081050452721,0.8616727941176471,6.299182682700987,0.20877606586344688,2.8056097935956426,0.12784329800141325,1.4423176402676319,0.12267385618442513,1.622977567384226,1.4012907952912232,1.4194671228457114
0,0.22532427015574635,0.22271013468973888,0.2333758073910492,0.19604595293646304,nan,nan,nan,nan,nan,0.16119840394607737,0.01904315013989291,0.5165865384615385,0.25640909881395163,0.33514461333953227,0.0595703125,0.17763992761306407,0.22369589865828968,0.0625,0.29559310838586256,0.35561956742648204,0.14552696078431374,0.8683654005538312,0.5891029179142372,1.6529193289578792,3.3558897780227754,5.41718485540701,0.1844417060184001,0.44356154664122427,0.44356154664122427,0.44356154664122427
56,0.1706453229072597,0.22330008973609017,0.008468641074461762,0.7603787113901611,nan,nan,nan,nan,nan,0.21481649687478455,0.0017046340862368135,0.7475961538461539,0.21602764192886645,0.026657448700412957,0.689453125,0.18707411598338883,0.005044006279183394,0.6421493902439024,0.27528210415732085,0.00046847523201388124,0.9623161764705882,0.9320673127655865,0.2492978378665201,2.28140994772263,1.2561103496130945,13.728619633248114,0.4485981309886928,1.3131704989051414,0.8181788338612777,0.2515197920336421
13,0.17408509171652903,0.22386681025901595,0.020757398605669393,0.7316403393923822,nan,nan,nan,nan,nan,0.2459892650039254,0.0021493940824185848,0.8555889423076923,0.2333360133250528,0.07237354365507385,0.6357421875,0.20213772984954118,0.007154407155211295,0.6895960365853658,0.21400423285754439,0.0013522495299738472,0.7456341911764706,0.8,0.3,2.0,0.5,15.0,0.2,2.0,1.0,0.5
8,0.17346444816910087,0.22430172280143315,0.016885642301517432,0.7428419240512223,nan,nan,nan,nan,nan,0.1931794001852292,0.001773275643936254,0.6716947115384615,0.21990798139429477,0.05591804895201262,0.6298828125,0.26281297925454833,0.008753719736855433,0.8979611280487805,0.22130653037166023,0.0010975248732654208,0.7718290441176471,0.8,0.3,2.0,0.5,15.0,0.1,1.0,1.0,1.0
75,0.1724547990094995,0.22443815112778653,0.012346074485175284,0.7546683427343147,nan,nan,nan,nan,nan,0.2064088086324823,0.0058713705470135906,0.7077524038461539,0.22098423067641568,0.03711229794698191,0.6806640625,0.19776681816392608,0.005836960063642835,0.6775914634146342,0.2725927470383222,0.0005636693830627969,0.9526654411764706,1.4284961406013172,0.27491625680130993,0.609199109206921,0.32379958420090726,4.588553746492707,0.4265561933456997,0.3311917618091552,0.9679040516892718,0.2104563161750642
54,0.17004624172200813,0.22457561265720982,0.0020957792415869157,0.780775196196267,nan,nan,nan,nan,nan,0.22067605308366103,0.001686858932509991,0.7681490384615385,0.21495041633388276,0.0028837078674358455,0.7451171875,0.18097655240347887,0.0033671733648704114,0.625,0.28169942880781657,0.0004453768015314157,0.9848345588235294,4.135277444874278,0.17579497624938234,3.438199349966477,1.3293744135884684,13.749286381457567,0.08195530399267219,1.5584970186598188,1.1497630914979804,0.4112642740781355
35,0.1742485149227925,0.22479495395965604,0.01856548268925286,0.7403686321356637,nan,nan,nan,nan,nan,0.17405420428198,0.0033393475332335457,0.6008413461538461,0.2334295690968233,0.06195764673555258,0.662109375,0.2548533503290201,0.007899873387457443,0.8722370426829268,0.23684269213080064,0.00106506310076787,0.8262867647058824,0.5,0.3,2.0,0.5,15.0,0.2,0.15,0.15,0.6
33,0.17576900346608004,0.22590702555126357,0.021343895443714695,0.7373148508201357,nan,nan,nan,nan,nan,0.24841273817702578,0.0015759103709129952,0.8655048076923076,0.23459457266357073,0.079213651728999,0.623046875,0.18097655240347887,0.0033671733648704114,0.625,0.23964423896097892,0.001218846310076371,0.8357077205882353,0.5,0.3,2.0,0.5,15.0,0.2,0.6,0.3,0.15
32,0.17766438541799245,0.22947430105990485,0.018089845240902378,0.7579354406074108,nan,nan,nan,nan,nan,0.2054157300080118,0.0025339450881396016,0.7126201923076924,0.22885640222015766,0.061805213108220666,0.646484375,0.21632807589267272,0.0072419282009612935,0.7390434451219512,0.26729699611877716,0.0007782945662879476,0.93359375,0.5,0.3,2.0,0.5,15.0,0.2,0.3,0.3,0.3
11,0.1789845487437523,0.23002969044351504,0.0217655123084831,0.7506901357810948,nan,nan,nan,nan,nan,0.21156475120454454,0.0020560363017469467,0.7353365384615385,0.22642082036324104,0.07480164850853746,0.60546875,0.23415760122435234,0.008994422201898113,0.7970655487804879,0.2479755889819222,0.0012099422217498944,0.8648897058823529,0.8,0.3,2.0,0.5,15.0,0.1,0.5,0.5,2.0
81,0.1763240227397652,0.2300527217298011,0.010839629850454549,0.7780854514281674,nan,nan,nan,nan,nan,0.25247164163041014,0.0015612598210356671,0.8797475961538461,0.20821637430168252,0.037987299022355495,0.6337890625,0.18097655240347887,0.0033671733648704114,0.625,0.2785463185836329,0.0004427871935566226,0.9738051470588235,0.6298363388186794,0.26706992987309397,1.0289024557454218,1.881275947056392,4.33103335730768,0.4362546309595775,0.6754532108994591,0.5529324227426835,0.22119670828862611
15,0.18045043048960457,0.23068193804799175,0.025737387209772016,0.7430433151435409,nan,nan,nan,nan,nan,0.24176860993711777,0.002153938527349419,0.8408052884615385,0.2508665202927971,0.09144750340991589,0.6494140625,0.20479329254340342,0.007899633951008678,0.6970274390243902,0.22529932941864872,0.0014484729508140702,0.7849264705882353,0.8,0.3,2.0,0.5,15.0,0.2,0.5,0.5,2.0
12,0.18069336623110066,0.23214085476077845,0.02223510155969303,0.756905237763492,nan,nan,nan,nan,nan,0.2325207343729825,0.0016107588914062137,0.8097956730769231,0.2304032901287192,0.07568960618020686,0.6171875,0.24337196275988926,0.010575930790674202,0.8253620426829268,0.2222674317815228,0.0010641103764848542,0.7752757352941176,0.8,0.3,2.0,0.5,15.0,0.2,1.0,1.0,1.0
43,0.189392132041284,0.23452216448380456,0.05039163211832073,0.694848495397514,nan,nan,nan,nan,nan,0.2074875352425091,0.007069087801051201,0.7085336538461539,0.31481304453790004,0.18800388735306,0.6318359375,0.18706922007711213,0.005037152010395994,0.6421493902439024,0.22871885807769696,0.001456401308775683,0.796875,1.1312370380074075,0.38049521899686917,2.732737715345013,0.8485640350352344,13.11050842738638,0.1302102749611292,1.920121720169015,1.397750655047551,0.34890755077421537
17,0.24844610562711955,0.24217085481832565,0.26777387811820486,0.17816329656862745,nan,nan,nan,nan,nan,0.16293096065149873,0.047790844912098174,0.45078125,0.27090464954250976,0.3589540093595136,0.05078125,0.17763992761306407,0.22369589865828968,0.0625,0.35720788146622995,0.44065475954291805,0.1485906862745098,0.5320723802131051,0.6645268338280353,0.7369157947017969,2.87089958536754,11.124144265238527,0.259860452709212,0.7659148815423253,0.38295744077116267,0.19147872038558134
68,0.2044620571250208,0.24366388270786743,0.083720434329853,0.6435225036529035,nan,nan,nan,nan,nan,0.2089184061569778,0.0033751916966919095,0.7227764423076923,0.24833308949676344,0.11446320029546878,0.5830078125,0.18097655240347887,0.0033671733648704114,0.625,0.33642748277424966,0.2136761719623809,0.6433057598039216,2.6284205602449653,0.35441348672312323,1.4643877472009175,0.6874112439409965,12.42324950094613,0.36451602057226823,1.1539923738970528,0.6622583817475851,0.6045982458749348
79,0.18812320777358799,0.24549135504517225,0.011429314177108253,0.8306464572153323,nan,nan,nan,nan,nan,0.22848821725996935,0.0028161964716493437,0.7926682692307693,0.21500295638221448,0.03342601393510027,0.6689453125,0.2592922170777534,0.008969469762513293,0.8850990853658537,0.27918202946075177,0.000505576539170097,0.9758731617647058,1.2819608375119476,0.26906230483580534,2.528426771728399,1.8256910329488587,14.15876738752985,0.2270016275325888,0.45571461639773525,0.9472600936426958,0.22748203323695773
64,0.18700693945558328,0.24659480888048402,0.003476301626889005,0.8543910770144714,nan,nan,nan,nan,nan,0.24834992527812796,0.001560087697071367,0.8653245192307693,0.24910248090813397,0.004602848271387522,0.8603515625,0.20595596962488133,0.007355125767516746,0.7024580792682927,0.2829708597107927,0.00038714477158038353,0.9894301470588235,0.9539842418676091,0.10308059740068332,0.5225154869926321,1.4346685389823706,6.209944629308069,0.10990635197689048,1.1896526754490142,0.6771318227375097,0.6153869271767706
51,0.19889893493725982,0.24698672780785264,0.05078853289583385,0.7374822150878996,nan,nan,nan,nan,nan,0.24040181413350134,0.0018510013253634182,0.8367788461538461,0.22236814996750462,0.04061228495450649,0.6767578125,0.1884564937001279,0.004692749716764434,0.6478658536585366,0.33672045343027673,0.15599809558670105,0.7885263480392157,6.413724517525614,0.24301166243504232,2.4002266294136065,1.0880704712383085,13.37130392270916,0.15457230149398965,1.3258689438102824,0.8269798842523091,1.4882310651783721
57,0.1881954881196474,0.24808153694002233,0.0037464577528925212,0.8589192349078467,nan,nan,nan,nan,nan,0.2608390288636382,0.0015207942552472441,0.9091346153846154,0.2361522363924641,0.005613130949449707,0.8125,0.21063793451878077,0.007621766862878435,0.7181783536585366,0.28469694798520634,0.00023013894399469856,0.9958639705882353,0.9413638382168757,0.16287061638438835,2.4351731131174006,1.2601064797634394,13.875626344751911,0.47420639184000696,1.4714760294609535,0.8318098301693122,0.25460577595149564
63,0.18947646232858703,0.24986956548888895,0.0034657045948572026,0.865879217723968,nan,nan,nan,nan,nan,0.27323213919329187,0.0014913410244547427,0.9525841346153846,0.2409732785470466,0.004940714965865166,0.8310546875,0.19946671720303316,0.00730218457205131,0.6798780487804879,0.28580612701218405,0.00012857781705759365,1.0,2.7002980109031216,0.11780731010890252,1.7482838397571665,1.604719473477718,6.083171262192196,0.49774795082198664,1.1890112820655019,0.9256974930144494,0.25530615134311907
50,0.1997754772285297,0.2573960329974382,0.0223041654602916,0.8451257018403047,nan,nan,nan,nan,nan,0.23676713473925967,0.0036855270965019185,0.8194711538461539,0.26275898885696314,0.08036258439974839,0.71875,0.28066352003217454,0.0043618548743126154,0.9714176829268293,0.24939448836135547,0.0008066954706034792,0.8708639705882353,3.9435957683853395,0.21257911865388368,2.294518520372475,1.0774668661032982,13.515711393635089,0.16052752683184388,1.3659564535970832,1.2872067850813962,1.3519208523429576
59,0.1951943905311512,0.25767438379888286,0.0027560112665377147,0.8949703151297456,nan,nan,nan,nan,nan,0.2424421471528572,0.0015824675524615777,0.8445913461538461,0.23134167591951313,0.0031752212873183442,0.8017578125,0.2734250503319513,0.005889582659853719,0.9422637195121951,0.2834886617912098,0.0003767735665172179,0.9912683823529411,3.3410813548358926,0.1481132629286666,0.5252237890457161,1.3985055101707449,5.948395750749351,0.4696428453971754,1.4754920220606822,0.8547290866586778,0.4151979508104967
49,0.20650726168351713,0.2618189896903369,0.03614713942251215,0.8259986153598987,nan,nan,nan,nan,nan,0.22131908438205447,0.007322679673337787,0.7563100961538461,0.21194715323368574,0.018991639527159994,0.6943359375,0.25879265503008614,0.00804142435919375,0.885670731707317,0.3552170661155212,0.11023281413035708,0.9676776960784313,4.969065648205609,0.22077869830113334,2.404763320773208,1.002021513487223,13.379264995533422,0.05205996711500362,1.5080759140601487,0.7879668302014458,0.3554937491999265
53,0.21846321984120842,0.26806915676617543,0.06567693411231006,0.7740497134008388,nan,nan,nan,nan,nan,0.22032805236285197,0.001944850231069607,0.7662860576923077,0.2618833776990005,0.08226172877860066,0.7109375,0.2539060222363189,0.007602577472309841,0.8696646341463414,0.3361591747665304,0.17089857996726013,0.7493106617647058,5.170471571003298,0.2417718413950345,2.2718297604410633,1.172483679446142,13.564255686496661,0.1643737427775798,1.4768161969370786,0.8194809884687965,1.5647570427825976
62,0.2060728530609247,0.2720389473825337,0.0028972825503689173,0.9448931094629456,nan,nan,nan,nan,nan,0.28346605223294463,0.0014678577415070564,0.9884615384615385,0.2418099514771838,0.004940182068057237,0.833984375,0.2770736588078224,0.005052512574853782,0.9571265243902439,0.28580612701218405,0.00012857781705759365,1.0,0.9190759854923779,0.1357007439593643,1.7411869814458578,1.4850140315831097,12.58089934352949,0.4903439069453698,1.2386358495726781,1.121439947562977,0.25354175685421243
25,0.32709895779215326,0.31033423275723043,0.3787343108997153,0.1393340374010181,nan,nan,nan,nan,nan,0.1155976761936103,0.03625982359413131,0.3139423076923077,0.27220379644704584,0.3619446900258641,0.0478515625,0.7863678644287875,1.0477900102003024,0.1328125,0.06716759395947818,0.06894271977856355,0.0627297794117647,1.598152905518844,0.6774154124258139,1.2177459765745662,2.150835603501869,10.512495730427542,0.3035853636844006,0.22480428039253875,0.11240214019626937,0.1
37,0.36781777753653877,0.3502641959875707,0.42188280870736067,0.1712176641880955,nan,nan,nan,nan,nan,0.17632038389835406,0.06381969130384949,0.4575721153846154,0.27090464954250976,0.3589540093595136,0.05078125,0.8209834193691562,1.1016252627265746,0.11937881097560976,0.1328483311402627,0.163132271439505,0.05713848039215686,0.6880425345205792,0.6707396818570198,0.7316345525029209,3.4935671092977634,9.013092041751035,0.2563394975979904,0.7374925511785752,0.3687462755892876,0.1843731377946438
23,0.38617023506157483,0.3663608792252844,0.4471830510373493,0.16430544969512195,nan,nan,nan,nan,nan,0.1524832721288159,0.05222658098034225,0.403125,0.27090464954250976,0.3589540093595136,0.05078125,0.9918898914219992,1.3323196284786036,0.1408155487804878,0.050165703807812656,0.04523198533093771,0.0625,0.5707464616752698,0.6578096630899084,0.8843851549875001,3.0145174958314995,10.69677084276053,0.26801757790900826,0.14446344042954873,0.14446344042954873,0.5778537617181949
72,0.5296762621971325,0.5105878092428351,0.5884686972963684,0.31588558910900194,nan,nan,nan,nan,nan,0.19433466099412772,0.009544486930240273,0.6563100961538462,0.2532531411386558,0.32955439759411814,0.0625,0.9080163005551536,1.2245002598016053,0.11680640243902439,0.6867471342834034,0.7902756448595099,0.42792585784313725,1.3740805638310074,0.5449313104717862,1.4920907569791888,0.6864810542177224,8.10252066505939,0.3758537737220914,1.7210286306115152,1.069177784607794,0.46137858136109683
19,0.5695507070236405,0.5353903801728708,0.6747645137240114,0.18695504629501894,nan,nan,nan,nan,nan,0.18390557831113202,0.0716505019432771,0.4645432692307692,0.27090464954250976,0.3589540093595136,0.05078125,1.333096635883332,1.8176691317000795,0.12166539634146341,0.353654656954509,0.4507844118931753,0.11083026960784313,0.5320723802131051,0.6645268338280353,0.7369157947017969,2.87089958536754,11.124144265238527,0.259860452709212,0.19147872038558134,0.19147872038558134,0.7659148815423253
39,0.6059552315340803,0.5716836639473077,0.7115116597013402,0.2221136745622264,nan,nan,nan,nan,nan,0.22618439540202007,0.07841296125513575,0.5956129807692307,0.27090464954250976,0.3589540093595136,0.05078125,1.6123830312312613,2.218845390065229,0.09622713414634146,0.17726257961343975,0.1898342781254823,0.14583333333333334,0.6880425345205792,0.6707396818570198,0.7316345525029209,3.4935671092977634,9.013092041751035,0.2563394975979904,0.1843731377946438,0.1843731377946438,0.7374925511785752
1,0.6122189130133209,0.5747484416989992,0.7276279646614318,0.19254963429291744,nan,nan,nan,nan,nan,0.13135920884385816,0.03284520007370908,0.37764423076923076,0.25640909881395163,0.33514461333953227,0.0595703125,1.8610597553303745,2.497290059901548,0.27048399390243905,0.050165703807812656,0.04523198533093771,0.0625,0.8683654005538312,0.5891029179142372,1.6529193289578792,3.3558897780227754,5.41718485540701,0.1844417060184001,0.8871230932824485,0.44356154664122427,0.22178077332061213
24,0.6622634519186492,0.6161814395403433,0.804196050043831,0.14614491328162363,nan,nan,nan,nan,nan,0.12084063149012714,0.041989384086177986,0.31796875,0.27220379644704584,0.3619446900258641,0.0478515625,1.9127195379672464,2.625444548276096,0.13090701219512196,0.15896179225695378,0.18740557778718625,0.08785232843137254,1.598152905518844,0.6774154124258139,1.2177459765745662,2.150835603501869,10.512495730427542,0.3035853636844006,0.11240214019626937,0.11240214019626937,0.11240214019626937
27,0.6834737108950204,0.6357106153403398,0.8305840452034372,0.14852704068259573,nan,nan,nan,nan,nan,0.11977573331801968,0.039032180491381366,0.3216346153846154,0.27090464954250976,0.3589540093595136,0.05078125,2.0809327886718165,2.8612098675551767,0.13024009146341464,0.07122928982901311,0.06314012340767716,0.09145220588235294,1.598152905518844,0.6774154124258139,1.2177459765745662,2.150835603501869,10.512495730427542,0.3035853636844006,0.1,0.1,0.22480428039253875
3,0.6865449761972406,0.6468611143132637,0.8087712707998902,0.24208572309669646,nan,nan,nan,nan,nan,0.18921070886775948,0.03917383856870939,0.5643028846153846,0.2532531411386558,0.32955439759411814,0.0625,1.8664356245211238,2.5561120084759144,0.14224466463414634,0.27854498272551514,0.3102448385608192,0.19929534313725492,0.8683654005538312,0.5891029179142372,1.6529193289578792,3.3558897780227754,5.41718485540701,0.1844417060184001,0.22178077332061213,0.22178077332061213,0.8871230932824485
16,0.756735605698625,0.7063724044669409,0.9118542654922118,0.19266775190376337,nan,nan,nan,nan,nan,0.16756601997411774,0.024207812579149418,0.5259615384615385,0.27090464954250976,0.3589540093595136,0.05078125,2.3258347312353154,3.1978988066562706,0.14567454268292682,0.06118421711582087,0.06635643337391392,0.04825367647058824,0.5320723802131051,0.6645268338280353,0.7369157947017969,2.87089958536754,11.124144265238527,0.259860452709212,0.38295744077116267,0.38295744077116267,0.38295744077116267
4,0.7493818042293011,0.7075023144082968,0.8783706328779944,0.28033151823405256,nan,nan,nan,nan,nan,0.20522297769269382,0.0307977456928482,0.6412860576923077,0.2620880013670518,0.3442669519138725,0.056640625,2.312532574765629,3.0931858485743193,0.36089939024390244,0.050165703807812656,0.04523198533093771,0.0625,0.7659020170729317,0.6036832980170763,0.7861787293582458,3.2176779372596886,7.184613808396653,0.4053850346425618,0.43319125381732965,0.43319125381732965,0.43319125381732965
18,0.7653355651574968,0.7125683367244451,0.9278586287312961,0.17434260670731708,nan,nan,nan,nan,nan,0.20056616596396898,0.11735513234955655,0.40859375,0.27090464954250976,0.3589540093595136,0.05078125,2.3286368275834888,3.1898933878851765,0.1754954268292683,0.050165703807812656,0.04523198533093771,0.0625,0.5320723802131051,0.6645268338280353,0.7369157947017969,2.87089958536754,11.124144265238527,0.259860452709212,0.38295744077116267,0.7659148815423253,0.19147872038558134
20,0.841020981241855,0.7830743490335688,1.0194966084433763,0.19201870050904976,nan,nan,nan,nan,nan,0.16493829517268288,0.08838957478021756,0.3563100961538462,0.27090464954250976,0.3589540093595136,0.05078125,2.6252251615900692,3.5675027262260968,0.26953125,0.07122928982901311,0.06314012340767716,0.09145220588235294,0.5707464616752698,0.6578096630899084,0.8843851549875001,3.0145174958314995,10.69677084276053,0.26801757790900826,0.28892688085909746,0.28892688085909746,0.28892688085909746
70,0.8615104588575588,0.8113327739211603,1.0160577284616659,0.29952038756989663,nan,nan,nan,nan,nan,0.15644635471649437,0.015010473526169016,0.5100360576923076,0.2532531411386558,0.32955439759411814,0.0625,2.299298263287134,3.122904763723939,0.24028201219512196,0.5363333365423572,0.5967612790024373,0.38526348039215685,0.6415566390529605,0.5480447969205725,1.429492562349254,0.6550971441301354,7.704273769795079,0.3469626408956348,1.619579417518417,1.0897002042873252,0.46929574883946407
47,0.8405960827287888,0.8117706778513134,0.9293783297514127,0.517751548101065,nan,nan,nan,nan,nan,0.1998011271696771,0.014120616499086408,0.6640024038461538,0.3338289122660089,0.31345422717241245,0.384765625,2.042496055668266,2.663191124277035,0.4907583841463415,0.670956616301302,0.7267473510571167,0.5314797794117647,1.1323146914960636,0.4701513358220465,2.965861187170273,0.878262404151448,2.186479714026759,0.12475380679119862,1.9688370530905481,1.6602310361737602,0.34774160906876606
2,0.9895597298266814,0.9257339714786024,1.1861430655387641,0.27471123632819683,nan,nan,nan,nan,nan,0.16123752456965867,0.011165226705214411,0.5364182692307692,0.25640909881395163,0.33514461333953227,0.0595703125,3.1421312813607125,4.25550056219768,0.3587080792682927,0.14315798117008627,0.14276185991263057,0.14414828431372548,0.8683654005538312,0.5891029179142372,1.6529193289578792,3.3558897780227754,5.41718485540701,0.1844417060184001,0.44356154664122427,0.8871230932824485,0.22178077332061213
45,0.9695064108351973,0.9264700317736608,1.10205845834473,0.48749896534598836,nan,nan,nan,nan,nan,0.1914513129470808,0.008801068895143838,0.6480769230769231,0.2532531411386558,0.32955439759411814,0.0625,3.0564355098564673,4.068720079652713,0.5257240853658537,0.20474016315243926,0.0011582872369443335,0.7136948529411765,1.1018804236667783,0.45733510100991165,2.686854950865859,0.8874524134893351,2.495727989820357,0.12716627601394637,1.812452269688196,1.384243155538682,0.31969373386543937
46,1.004056535468043,0.9578912820904018,1.1462455158711782,0.4870056976384597,nan,nan,nan,nan,nan,0.18275107252108277,0.007654386144900438,0.6204927884615384,0.2549476249973086,0.312395424996232,0.111328125,3.0193970827931835,3.9770415866421636,0.6252858231707317,0.3744693480500318,0.2878906657014171,0.5909160539215687,1.1088219254377976,0.4626258918383377,2.8431141500995167,0.16499696629132177,3.0784117880321684,0.12476621220781627,1.9605483269500854,1.338811718747676,0.3385510707366867
44,1.0512834553460482,1.0029224911543364,1.2002352250565207,0.5096406563988752,nan,nan,nan,nan,nan,0.2223339198409347,0.008118449315770056,0.7578725961538462,0.27133934291170814,0.3130782050763914,0.1669921875,3.21393345185627,4.238188235037802,0.653296493902439,0.3040832500084326,0.24155601079611938,0.4604013480392157,1.180393957487023,0.43669747031193096,2.9213302342308225,0.1380490798628029,1.1854158508035795,0.06679094400103569,1.9949637504806437,1.5908052939552944,0.29350915089215607
48,1.0734930211361795,1.0275131206626147,1.2151111145947593,0.5585181358322527,nan,nan,nan,nan,nan,0.1965838793506083,0.006347238783159267,0.6721754807692307,0.3196932073395467,0.3026486152753653,0.3623046875,2.956260555057777,3.8895650819589362,0.6229992378048781,0.6375148409025266,0.6618835223615764,0.5765931372549019,1.0965903415315097,0.48101909763750716,3.3654622167832233,0.14067040637584916,1.472223562794138,0.0866118016124936,1.8850508784263278,1.302677492279554,0.31315737143481126
22,1.1387439420424528,1.056463155491567,1.3921687646191803,0.2171991326725343,nan,nan,nan,nan,nan,0.1708155216497199,0.11594461492499246,0.30799278846153844,0.27090464954250976,0.3589540093595136,0.05078125,3.5210985091556903,4.775498278671624,0.38509908536585363,0.26303394161834875,0.3182781555205902,0.1249234068627451,0.5707464616752698,0.6578096630899084,0.8843851549875001,3.0145174958314995,10.69677084276053,0.26801757790900826,0.28892688085909746,0.5778537617181949,0.14446344042954873
73,1.1559008134334465,1.0857530996143978,1.3719557719961166,0.37024641866010005,nan,nan,nan,nan,nan,0.1996614192606022,0.043203871580227704,0.5908052884615385,0.27090464954250976,0.3589540093595136,0.05078125,3.21272954069093,4.322478369162424,0.4383574695121951,0.659716788963549,0.7631868378823019,0.4010416666666667,9.041200768543778,0.6292598175600153,0.6250752027044701,0.7016578610280204,14.315393295091516,0.37263184269444793,1.7281461113827226,0.9331312615918819,0.21322673130076455
26,1.204622827729813,1.1202458145168455,1.4645040284257524,0.25960027974457844,nan,nan,nan,nan,nan,0.22054437862477186,0.0676803993054498,0.602704326923077,0.27220379644704584,0.3619446900258641,0.0478515625,3.9291149466742112,5.367681657051213,0.3326981707317073,0.05912013632135355,0.060709367320483196,0.05514705882352941,1.598152905518844,0.6774154124258139,1.2177459765745662,2.150835603501869,10.512495730427542,0.3035853636844006,0.11240214019626937,0.22480428039253875,0.1
5,1.2200406632248235,1.1358368277136368,1.4793884765992789,0.2769577054995309,nan,nan,nan,nan,nan,0.15940123087219574,0.020902107836458655,0.5056490384615384,0.2620880013670518,0.3442669519138725,0.056640625,4.071692374807487,5.507152861315847,0.48304115853658536,0.050165703807812656,0.04523198533093771,0.0625,0.7659020170729317,0.6036832980170763,0.7861787293582458,3.2176779372596886,7.184613808396653,0.4053850346425618,0.8663825076346593,0.43319125381732965,0.21659562690866482
71,1.6113997918667617,1.4951722867021082,1.9693805077738944,0.30965173402264284,nan,nan,nan,nan,nan,0.13148263111374658,0.03871510663616825,0.36340144230769234,0.27090464954250976,0.3589540093595136,0.05078125,5.021687597541258,6.814318429240688,0.540110518292683,0.5566142686109181,0.6655344858592068,0.28431372549019607,9.72820598561181,0.6217586586057195,1.036408263651081,0.7024240674983216,8.080850509477436,0.3471110400441978,1.6364992962789475,1.143572005429409,0.4735255965160491
